feature,genre,lasso_importance,randomforest_importance,avg_importance
artist_name,All,0.0,0.24981188757491357,0.16654125838327571
track_name,All,0.0,0.12519262047116733,0.08346174698077823
track_id,All,0.0,0.11308916427979639,0.07539277618653092
acousticness,All,-0.27355257639154795,1.0000000000000002,0.7578508587971827
danceability,All,0.0,0.1351485695477103,0.0900990463651402
duration_ms,All,0.0,0.2531638599612487,0.16877590664083245
energy,All,0.0,0.12304324592323147,0.08202883061548764
instrumentalness,All,-0.055238512180589554,0.13952992607057588,0.1114327881072471
liveness,All,-0.09090683986477306,0.12391527606595733,0.11291246399889592
loudness,All,0.4030211246760369,0.2757025433843636,0.31814207048158805
speechiness,All,-0.047528106187476805,0.23341033422171578,0.17144959154363612
tempo,All,0.0,0.12027872523343974,0.08018581682229316
valence,All,-0.0654797362936379,0.16164056558718143,0.1295869558226669
genre_A Capella,All,-0.00496253080825587,0.010200703384887936,0.008454645859343914
genre_Alternative,All,0.27397455199324955,0.030516159628413607,0.11166895708335893
genre_Anime,All,-0.5418088523571469,0.27428032023550414,0.36345649760938503
genre_Blues,All,-0.07128852522765441,0.05396939802061693,0.059742440422962756
genre_Children's Music,All,-0.06664086602638834,0.23110257660536476,0.1762820064123726
genre_Classical,All,-0.07131590436734042,0.03545597001304067,0.04740928146447392
genre_Comedy,All,-0.4904511043584763,0.07449519179141333,0.21314716264710099
genre_Country,All,0.11341947553410768,0.029200273472836026,0.057273340826593244
genre_Dance,All,0.5527575059604056,0.10296389512155336,0.2528950987345041
genre_Electronic,All,0.0,0.04110223595604872,0.027401490637365813
genre_Folk,All,0.3481255112167547,0.033147926698652755,0.1381404548713534
genre_Hip-Hop,All,0.6433151451943584,0.11322222565953624,0.28991986550447696
genre_Indie,All,0.5177854164646993,0.06981222263257385,0.21913662057661568
genre_Jazz,All,0.0,0.03025283626193106,0.02016855750795404
genre_Movie,All,-0.8634059025743469,0.40599580586396017,0.5584658381007558
genre_Opera,All,-0.740382759957198,0.18977253873500385,0.3733092791424019
genre_Pop,All,1.0,0.34775120131165277,0.5651674675411019
genre_R&B,All,0.38866575646156704,0.041433309711882554,0.15717745862844404
genre_Rap,All,0.726512869096711,0.1179288257853939,0.32079017355583295
genre_Reggae,All,-0.10242258105144951,0.09308231115250871,0.09619573445215564
genre_Rock,All,0.6977939336655813,0.11807147245197157,0.31131229285650813
genre_Ska,All,-0.3967489053905378,0.2070177022770185,0.27026143664819163
genre_Soul,All,0.19295261461396437,0.027179299652570897,0.08243707130636872
genre_Soundtrack,All,0.0,0.022788470366837225,0.015192313577891484
genre_World,All,-0.017281960902675284,0.05160417201075238,0.04016343497472668
key_A,All,0.0,0.00816633257996963,0.005444221719979753
key_A#,All,0.0,0.007253314293412395,0.00483554286227493
key_B,All,0.0,0.0076697111719367765,0.005113140781291184
key_C,All,0.0,0.009232903854599257,0.006155269236399505
key_C#,All,0.0,0.009244155867540092,0.006162770578360062
key_D,All,0.0,0.008435056205613054,0.005623370803742036
key_D#,All,0.0,0.0052089241532569585,0.0034726161021713057
key_E,All,0.0,0.0077486794912243855,0.005165786327482924
key_F,All,0.0,0.00787138416202884,0.00524758944135256
key_F#,All,0.0,0.00853191765400786,0.005687945102671906
key_G,All,0.0,0.00929446607999548,0.0061963107199969865
key_G#,All,0.0,0.007346638723817274,0.004897759149211516
mode_Major,All,0.0,0.008598421006119843,0.005732280670746562
mode_Minor,All,0.0,0.009010695233831518,0.006007130155887678
time_signature_0/4,All,0.0,0.0,0.0
time_signature_1/4,All,0.0,0.0017653879216156427,0.001176925281077095
time_signature_3/4,All,0.0,0.004463604471504187,0.0029757363143361245
time_signature_4/4,All,0.005492821868884503,0.0048122713039156564,0.0050391214922386055
time_signature_5/4,All,0.0,0.0025741802947444243,0.0017161201964962828
artist_name,Movie,0.5128144386268165,1.0,0.8376048128756054
track_name,Movie,0.0,0.16326314624516258,0.10884209749677505
track_id,Movie,0.0,0.15027698099872575,0.1001846539991505
acousticness,Movie,0.0,0.22294605914433646,0.1486307060962243
danceability,Movie,-0.6139061217336303,0.17896939479495724,0.32394830377451495
duration_ms,Movie,-0.06944064909572312,0.2017921099226671,0.15767495631368578
energy,Movie,0.0,0.14572852512625617,0.09715235008417078
instrumentalness,Movie,0.0,0.18440749610028423,0.12293833073352282
liveness,Movie,-0.012259971613588034,0.15933164753615248,0.11030775556196433
loudness,Movie,0.0,0.17718734448247758,0.11812489632165173
speechiness,Movie,-0.4081082950403861,0.23423972785062197,0.29219591691387664
tempo,Movie,0.0,0.1491160231960941,0.0994106821307294
valence,Movie,-1.0,0.20249987943948808,0.4683332529596587
genre_A Capella,Movie,0.0,0.0,0.0
genre_Alternative,Movie,0.0,0.0,0.0
genre_Anime,Movie,0.0,0.0,0.0
genre_Blues,Movie,0.0,0.0,0.0
genre_Children's Music,Movie,0.0,0.0,0.0
genre_Classical,Movie,0.0,0.0,0.0
genre_Comedy,Movie,0.0,0.0,0.0
genre_Country,Movie,0.0,0.0,0.0
genre_Dance,Movie,0.0,0.0,0.0
genre_Electronic,Movie,0.0,0.0,0.0
genre_Folk,Movie,0.0,0.0,0.0
genre_Hip-Hop,Movie,0.0,0.0,0.0
genre_Indie,Movie,0.0,0.0,0.0
genre_Jazz,Movie,0.0,0.0,0.0
genre_Movie,Movie,0.0,0.0,0.0
genre_Opera,Movie,0.0,0.0,0.0
genre_Pop,Movie,0.0,0.0,0.0
genre_R&B,Movie,0.0,0.0,0.0
genre_Rap,Movie,0.0,0.0,0.0
genre_Reggae,Movie,0.0,0.0,0.0
genre_Rock,Movie,0.0,0.0,0.0
genre_Ska,Movie,0.0,0.0,0.0
genre_Soul,Movie,0.0,0.0,0.0
genre_Soundtrack,Movie,0.0,0.0,0.0
genre_World,Movie,0.0,0.0,0.0
key_A,Movie,0.0,0.009736350830355308,0.006490900553570205
key_A#,Movie,0.0,0.009963612021866247,0.006642408014577498
key_B,Movie,0.0,0.010250835010270642,0.0068338900068470945
key_C,Movie,0.0,0.015343744804858858,0.010229163203239239
key_C#,Movie,0.0,0.015767739616586278,0.010511826411057518
key_D,Movie,0.0,0.009993123892082088,0.0066620825947213925
key_D#,Movie,0.0,0.006808785476888439,0.004539190317925626
key_E,Movie,0.0,0.008232461507991699,0.005488307671994466
key_F,Movie,0.0,0.010338804375485098,0.006892536250323399
key_F#,Movie,0.0,0.006332893379158309,0.004221928919438873
key_G,Movie,0.0,0.009132744269366768,0.006088496179577845
key_G#,Movie,0.0,0.00850182712410787,0.005667884749405247
mode_Major,Movie,0.0,0.00738254827617608,0.004921698850784054
mode_Minor,Movie,0.0,0.00856093668235264,0.005707291121568426
time_signature_0/4,Movie,0.0,0.0,0.0
time_signature_1/4,Movie,0.0,0.011725102263386815,0.007816734842257877
time_signature_3/4,Movie,-0.013514899853284789,0.00822478550476534,0.009988156954271825
time_signature_4/4,Movie,0.0,0.00879772081425172,0.005865147209501147
time_signature_5/4,Movie,0.0,0.005101720831305168,0.003401147220870112
artist_name,R&B,0.0,1.0,0.6666666666666666
track_name,R&B,0.0,0.761241583464678,0.5074943889764519
track_id,R&B,0.0,0.8093245415178472,0.5395496943452315
acousticness,R&B,0.0,0.7228200373307525,0.48188002488716836
danceability,R&B,0.0,0.7611384622541908,0.5074256415027939
duration_ms,R&B,0.0,0.8932047792448042,0.5954698528298695
energy,R&B,0.0,0.6961929664836018,0.46412864432240125
instrumentalness,R&B,0.0,0.41805811120781233,0.2787054074718749
liveness,R&B,0.0,0.7179028325010076,0.4786018883340051
loudness,R&B,1.0,0.9222299372219418,0.9481532914812946
speechiness,R&B,0.0,0.7586151357296722,0.5057434238197814
tempo,R&B,0.0,0.8093044316047119,0.5395362877364746
valence,R&B,0.0,0.7245895048657426,0.48305966991049504
genre_A Capella,R&B,0.0,0.0,0.0
genre_Alternative,R&B,0.0,0.0,0.0
genre_Anime,R&B,0.0,0.0,0.0
genre_Blues,R&B,0.0,0.0,0.0
genre_Children's Music,R&B,0.0,0.0,0.0
genre_Classical,R&B,0.0,0.0,0.0
genre_Comedy,R&B,0.0,0.0,0.0
genre_Country,R&B,0.0,0.0,0.0
genre_Dance,R&B,0.0,0.0,0.0
genre_Electronic,R&B,0.0,0.0,0.0
genre_Folk,R&B,0.0,0.0,0.0
genre_Hip-Hop,R&B,0.0,0.0,0.0
genre_Indie,R&B,0.0,0.0,0.0
genre_Jazz,R&B,0.0,0.0,0.0
genre_Movie,R&B,0.0,0.0,0.0
genre_Opera,R&B,0.0,0.0,0.0
genre_Pop,R&B,0.0,0.0,0.0
genre_R&B,R&B,0.0,0.0,0.0
genre_Rap,R&B,0.0,0.0,0.0
genre_Reggae,R&B,0.0,0.0,0.0
genre_Rock,R&B,0.0,0.0,0.0
genre_Ska,R&B,0.0,0.0,0.0
genre_Soul,R&B,0.0,0.0,0.0
genre_Soundtrack,R&B,0.0,0.0,0.0
genre_World,R&B,0.0,0.0,0.0
key_A,R&B,0.0,0.04340379930757497,0.02893586620504998
key_A#,R&B,0.0,0.03509582395142318,0.023397215967615455
key_B,R&B,0.0,0.04467011259705764,0.02978007506470509
key_C,R&B,0.0,0.05469900467700512,0.036466003118003416
key_C#,R&B,0.0,0.06028765820711909,0.04019177213807939
key_D,R&B,0.0,0.04997197745341718,0.03331465163561145
key_D#,R&B,0.0,0.025257046296636027,0.01683803086442402
key_E,R&B,0.0,0.04470108976583497,0.02980072651055665
key_F,R&B,0.0,0.06033677905194207,0.04022451936796138
key_F#,R&B,0.0,0.05044276466945816,0.03362850977963877
key_G,R&B,0.0,0.06479090834225663,0.043193938894837754
key_G#,R&B,0.0,0.04290269609983423,0.028601797399889484
mode_Major,R&B,0.0,0.04638416319347234,0.030922775462314894
mode_Minor,R&B,0.0,0.046044518111159845,0.030696345407439898
time_signature_0/4,R&B,0.0,0.0,0.0
time_signature_1/4,R&B,0.0,0.01057385705974195,0.007049238039827967
time_signature_3/4,R&B,0.0,0.02989659544152338,0.019931063627682252
time_signature_4/4,R&B,0.0,0.02699954623904716,0.017999697492698107
time_signature_5/4,R&B,0.0,0.015391574273647263,0.010261049515764842
artist_name,A Capella,0.0,1.0,0.6666666666666666
track_name,A Capella,0.0,0.305084511721253,0.20338967448083534
track_id,A Capella,-0.29499642226379613,0.47922539162317307,0.4178157351700474
acousticness,A Capella,0.0,0.6596691653122726,0.43977944354151505
danceability,A Capella,0.0,0.2885734905051297,0.1923823270034198
duration_ms,A Capella,-0.9999999999999999,0.8417114676498042,0.894474311766536
energy,A Capella,0.0,0.3142957781894433,0.20953051879296222
instrumentalness,A Capella,0.0,0.18859738382917918,0.1257315892194528
liveness,A Capella,0.0,0.22887166899934117,0.15258111266622745
loudness,A Capella,0.4635598607784958,0.5744140474284928,0.5374626518784938
speechiness,A Capella,0.0,0.7820895482359923,0.5213930321573282
tempo,A Capella,-0.32651375077530465,0.31861238901357075,0.32124617626748203
valence,A Capella,0.0,0.5104516320657234,0.3403010880438156
genre_A Capella,A Capella,0.0,0.0,0.0
genre_Alternative,A Capella,0.0,0.0,0.0
genre_Anime,A Capella,0.0,0.0,0.0
genre_Blues,A Capella,0.0,0.0,0.0
genre_Children's Music,A Capella,0.0,0.0,0.0
genre_Classical,A Capella,0.0,0.0,0.0
genre_Comedy,A Capella,0.0,0.0,0.0
genre_Country,A Capella,0.0,0.0,0.0
genre_Dance,A Capella,0.0,0.0,0.0
genre_Electronic,A Capella,0.0,0.0,0.0
genre_Folk,A Capella,0.0,0.0,0.0
genre_Hip-Hop,A Capella,0.0,0.0,0.0
genre_Indie,A Capella,0.0,0.0,0.0
genre_Jazz,A Capella,0.0,0.0,0.0
genre_Movie,A Capella,0.0,0.0,0.0
genre_Opera,A Capella,0.0,0.0,0.0
genre_Pop,A Capella,0.0,0.0,0.0
genre_R&B,A Capella,0.0,0.0,0.0
genre_Rap,A Capella,0.0,0.0,0.0
genre_Reggae,A Capella,0.0,0.0,0.0
genre_Rock,A Capella,0.0,0.0,0.0
genre_Ska,A Capella,0.0,0.0,0.0
genre_Soul,A Capella,0.0,0.0,0.0
genre_Soundtrack,A Capella,0.0,0.0,0.0
genre_World,A Capella,0.0,0.0,0.0
key_A,A Capella,0.0,0.0044049943614095375,0.002936662907606358
key_A#,A Capella,0.0,0.013869588756920381,0.009246392504613588
key_B,A Capella,0.0,0.010684748513854063,0.007123165675902709
key_C,A Capella,0.0,0.015422403365676357,0.010281602243784238
key_C#,A Capella,0.0,0.019347272860470173,0.012898181906980116
key_D,A Capella,0.0,0.15508156731525244,0.10338771154350163
key_D#,A Capella,0.0,0.0008706923699847889,0.0005804615799898592
key_E,A Capella,0.0,0.0005839500557245567,0.00038930003714970446
key_F,A Capella,0.3743332174562389,0.13082329171077495,0.21199326695926293
key_F#,A Capella,0.17168082476502428,0.006261421715223844,0.06140122273182399
key_G,A Capella,0.0,0.010056688897548577,0.006704459265032384
key_G#,A Capella,0.0,0.014534180844243664,0.009689453896162442
mode_Major,A Capella,0.001661728061941072,0.10918508806244509,0.07334396806227708
mode_Minor,A Capella,0.0,0.00656527592888404,0.0043768506192560265
time_signature_0/4,A Capella,0.0,0.0,0.0
time_signature_1/4,A Capella,0.0,0.02470489108028947,0.016469927386859647
time_signature_3/4,A Capella,0.0,0.018603282567419,0.012402188378279333
time_signature_4/4,A Capella,0.0,0.02085805185894977,0.013905367905966514
time_signature_5/4,A Capella,-0.005202726828858102,0.0017914512790419815,0.002928543128980688
artist_name,Alternative,0.0,0.9999999999999999,0.6666666666666666
track_name,Alternative,0.0,0.8762761980427494,0.5841841320284996
track_id,Alternative,0.0,0.8308994250184716,0.5539329500123144
acousticness,Alternative,0.0,0.770012000503976,0.5133413336693173
danceability,Alternative,0.0,0.8525956591826725,0.5683971061217817
duration_ms,Alternative,0.0,0.9668438193822578,0.6445625462548386
energy,Alternative,0.0,0.70668125169941,0.47112083446627334
instrumentalness,Alternative,0.0,0.6363000589715935,0.42420003931439565
liveness,Alternative,0.0,0.8971373774373721,0.5980915849582481
loudness,Alternative,0.0,0.812979257017141,0.5419861713447607
speechiness,Alternative,0.0,0.8274538764677252,0.5516359176451501
tempo,Alternative,0.0,0.8474801104719013,0.5649867403146008
valence,Alternative,0.0,0.9004410065247586,0.600294004349839
genre_A Capella,Alternative,0.0,0.0,0.0
genre_Alternative,Alternative,0.0,0.0,0.0
genre_Anime,Alternative,0.0,0.0,0.0
genre_Blues,Alternative,0.0,0.0,0.0
genre_Children's Music,Alternative,0.0,0.0,0.0
genre_Classical,Alternative,0.0,0.0,0.0
genre_Comedy,Alternative,0.0,0.0,0.0
genre_Country,Alternative,0.0,0.0,0.0
genre_Dance,Alternative,0.0,0.0,0.0
genre_Electronic,Alternative,0.0,0.0,0.0
genre_Folk,Alternative,0.0,0.0,0.0
genre_Hip-Hop,Alternative,0.0,0.0,0.0
genre_Indie,Alternative,0.0,0.0,0.0
genre_Jazz,Alternative,0.0,0.0,0.0
genre_Movie,Alternative,0.0,0.0,0.0
genre_Opera,Alternative,0.0,0.0,0.0
genre_Pop,Alternative,0.0,0.0,0.0
genre_R&B,Alternative,0.0,0.0,0.0
genre_Rap,Alternative,0.0,0.0,0.0
genre_Reggae,Alternative,0.0,0.0,0.0
genre_Rock,Alternative,0.0,0.0,0.0
genre_Ska,Alternative,0.0,0.0,0.0
genre_Soul,Alternative,0.0,0.0,0.0
genre_Soundtrack,Alternative,0.0,0.0,0.0
genre_World,Alternative,0.0,0.0,0.0
key_A,Alternative,0.0,0.08602295595702164,0.057348637304681094
key_A#,Alternative,0.0,0.045378959698854276,0.030252639799236185
key_B,Alternative,0.0,0.05661872637040381,0.03774581758026921
key_C,Alternative,0.0,0.05337702634251926,0.035584684228346174
key_C#,Alternative,0.0,0.06428769551250521,0.042858463675003476
key_D,Alternative,0.0,0.06055887699604861,0.04037258466403241
key_D#,Alternative,0.0,0.041732176583405604,0.027821451055603737
key_E,Alternative,0.0,0.079687416275348,0.05312494418356534
key_F,Alternative,0.0,0.05072946549118258,0.033819643660788386
key_F#,Alternative,0.0,0.05130844405276223,0.03420562936850815
key_G,Alternative,0.0,0.07009380729587546,0.04672920486391697
key_G#,Alternative,0.0,0.05524405302306166,0.036829368682041105
mode_Major,Alternative,0.0,0.05376917474407202,0.03584611649604801
mode_Minor,Alternative,0.0,0.0562284861075485,0.03748565740503233
time_signature_0/4,Alternative,0.0,0.0,0.0
time_signature_1/4,Alternative,0.0,0.0066168901947109065,0.004411260129807271
time_signature_3/4,Alternative,0.0,0.02177629713364748,0.014517531422431652
time_signature_4/4,Alternative,0.0,0.024934608768803622,0.01662307251253575
time_signature_5/4,Alternative,0.0,0.009778530905094385,0.006519020603396257
artist_name,Country,0.0,0.9983512284224539,0.6655674856149693
track_name,Country,0.0,0.9158927627437644,0.6105951751625096
track_id,Country,0.0,1.0,0.6666666666666666
acousticness,Country,0.0,0.8344373253495999,0.5562915502330666
danceability,Country,0.0,0.8265089980304827,0.5510059986869885
duration_ms,Country,0.0,0.8815903888125662,0.5877269258750442
energy,Country,0.0,0.8829060438634102,0.5886040292422735
instrumentalness,Country,0.0,0.48792227140246963,0.3252815142683131
liveness,Country,-0.9999999999999999,0.9793445570136577,0.9862297046757718
loudness,Country,0.0,0.8967129232571496,0.5978086155047664
speechiness,Country,0.0,0.9099384396851473,0.6066256264567649
tempo,Country,0.0,0.9965190462532227,0.6643460308354818
valence,Country,0.0,0.9234653144029062,0.6156435429352708
genre_A Capella,Country,0.0,0.0,0.0
genre_Alternative,Country,0.0,0.0,0.0
genre_Anime,Country,0.0,0.0,0.0
genre_Blues,Country,0.0,0.0,0.0
genre_Children's Music,Country,0.0,0.0,0.0
genre_Classical,Country,0.0,0.0,0.0
genre_Comedy,Country,0.0,0.0,0.0
genre_Country,Country,0.0,0.0,0.0
genre_Dance,Country,0.0,0.0,0.0
genre_Electronic,Country,0.0,0.0,0.0
genre_Folk,Country,0.0,0.0,0.0
genre_Hip-Hop,Country,0.0,0.0,0.0
genre_Indie,Country,0.0,0.0,0.0
genre_Jazz,Country,0.0,0.0,0.0
genre_Movie,Country,0.0,0.0,0.0
genre_Opera,Country,0.0,0.0,0.0
genre_Pop,Country,0.0,0.0,0.0
genre_R&B,Country,0.0,0.0,0.0
genre_Rap,Country,0.0,0.0,0.0
genre_Reggae,Country,0.0,0.0,0.0
genre_Rock,Country,0.0,0.0,0.0
genre_Ska,Country,0.0,0.0,0.0
genre_Soul,Country,0.0,0.0,0.0
genre_Soundtrack,Country,0.0,0.0,0.0
genre_World,Country,0.0,0.0,0.0
key_A,Country,0.0,0.07620493907096862,0.05080329271397908
key_A#,Country,0.0,0.05932672578077617,0.03955115052051745
key_B,Country,0.0,0.07135054872714519,0.04756703248476346
key_C,Country,0.0,0.07622334624996616,0.0508155641666441
key_C#,Country,0.0,0.07059582007668426,0.04706388005112284
key_D,Country,0.0,0.06867874925049497,0.04578583283366331
key_D#,Country,0.0,0.044110341121769175,0.02940689408117945
key_E,Country,0.0,0.07479981337375641,0.04986654224917094
key_F,Country,0.0,0.05452662762312232,0.03635108508208155
key_F#,Country,0.0,0.07825143370608487,0.05216762247072324
key_G,Country,0.0,0.07593131572724833,0.050620877151498885
key_G#,Country,0.0,0.05247302876388132,0.03498201917592088
mode_Major,Country,0.0,0.050218039919580966,0.033478693279720646
mode_Minor,Country,0.0,0.04571096241290551,0.030473974941937005
time_signature_0/4,Country,0.0,0.0,0.0
time_signature_1/4,Country,0.0,0.0008208980862529916,0.0005472653908353278
time_signature_3/4,Country,0.0,0.033395984594342155,0.022263989729561437
time_signature_4/4,Country,0.0,0.02584419525354115,0.017229463502360768
time_signature_5/4,Country,0.0,0.00608488622195661,0.00405659081463774
artist_name,Dance,0.0,0.9188770541846237,0.6125847027897492
track_name,Dance,0.0,0.9118016908282982,0.6078677938855321
track_id,Dance,0.0,0.9441526372858341,0.6294350915238894
acousticness,Dance,0.0,0.7595660465972842,0.5063773643981895
danceability,Dance,0.019514963352013488,0.8336754419502808,0.5622886157508583
duration_ms,Dance,-0.7950549926514643,0.8837343087325611,0.8541745367055288
energy,Dance,0.0,0.7692559105184783,0.5128372736789856
instrumentalness,Dance,-1.0,0.6571616277856097,0.7714410851904064
liveness,Dance,-0.17103085333863982,1.0,0.7236769511128799
loudness,Dance,0.0,0.9280247281524037,0.6186831521016024
speechiness,Dance,0.0,0.7623870283073524,0.5082580188715683
tempo,Dance,0.0,0.7803189956175474,0.5202126637450316
valence,Dance,0.0,0.8020091297616607,0.5346727531744405
genre_A Capella,Dance,0.0,0.0,0.0
genre_Alternative,Dance,0.0,0.0,0.0
genre_Anime,Dance,0.0,0.0,0.0
genre_Blues,Dance,0.0,0.0,0.0
genre_Children's Music,Dance,0.0,0.0,0.0
genre_Classical,Dance,0.0,0.0,0.0
genre_Comedy,Dance,0.0,0.0,0.0
genre_Country,Dance,0.0,0.0,0.0
genre_Dance,Dance,0.0,0.0,0.0
genre_Electronic,Dance,0.0,0.0,0.0
genre_Folk,Dance,0.0,0.0,0.0
genre_Hip-Hop,Dance,0.0,0.0,0.0
genre_Indie,Dance,0.0,0.0,0.0
genre_Jazz,Dance,0.0,0.0,0.0
genre_Movie,Dance,0.0,0.0,0.0
genre_Opera,Dance,0.0,0.0,0.0
genre_Pop,Dance,0.0,0.0,0.0
genre_R&B,Dance,0.0,0.0,0.0
genre_Rap,Dance,0.0,0.0,0.0
genre_Reggae,Dance,0.0,0.0,0.0
genre_Rock,Dance,0.0,0.0,0.0
genre_Ska,Dance,0.0,0.0,0.0
genre_Soul,Dance,0.0,0.0,0.0
genre_Soundtrack,Dance,0.0,0.0,0.0
genre_World,Dance,0.0,0.0,0.0
key_A,Dance,0.0,0.058515880700959005,0.03901058713397267
key_A#,Dance,0.0,0.049953026574569466,0.033302017716379646
key_B,Dance,0.0,0.0736952528292869,0.049130168552857935
key_C,Dance,0.0,0.06962959907742611,0.04641973271828407
key_C#,Dance,0.0,0.090793732212891,0.060529154808594
key_D,Dance,0.0,0.05955217557045727,0.03970145038030485
key_D#,Dance,0.0,0.03315165772183453,0.022101105147889686
key_E,Dance,0.0,0.02365270950806289,0.01576847300537526
key_F,Dance,0.0,0.050562107122273825,0.03370807141484922
key_F#,Dance,0.0,0.07908958271212825,0.05272638847475217
key_G,Dance,0.0,0.06897004041966841,0.0459800269464456
key_G#,Dance,0.0,0.051786057214518,0.034524038143012
mode_Major,Dance,0.0,0.06278974271716337,0.04185982847810891
mode_Minor,Dance,0.0,0.057318122953159203,0.0382120819687728
time_signature_0/4,Dance,0.0,0.0,0.0
time_signature_1/4,Dance,0.0,0.0011603454250020276,0.0007735636166680184
time_signature_3/4,Dance,0.0,0.014312975172520953,0.009541983448347302
time_signature_4/4,Dance,0.0,0.014867217358031221,0.00991147823868748
time_signature_5/4,Dance,0.0,0.01226534058692345,0.008176893724615634
artist_name,Electronic,0.0,1.0,0.6666666666666666
track_name,Electronic,0.0,0.7831316394510288,0.5220877596340192
track_id,Electronic,0.0,0.8028173014804283,0.5352115343202856
acousticness,Electronic,0.0,0.8766839546432845,0.5844559697621897
danceability,Electronic,0.0,0.8494748384984921,0.5663165589989948
duration_ms,Electronic,0.0,0.9162660680014215,0.610844045334281
energy,Electronic,0.0,0.7194601495201965,0.47964009968013105
instrumentalness,Electronic,-0.6314980443205906,0.989182458969655,0.8699543207533003
liveness,Electronic,0.0,0.8264950039848278,0.5509966693232186
loudness,Electronic,0.0,0.8044960341769404,0.5363306894512936
speechiness,Electronic,-1.0,0.8984468274470322,0.932297884964688
tempo,Electronic,0.0,0.8886404813331414,0.5924269875554277
valence,Electronic,0.0,0.8245703966909399,0.5497135977939599
genre_A Capella,Electronic,0.0,0.0,0.0
genre_Alternative,Electronic,0.0,0.0,0.0
genre_Anime,Electronic,0.0,0.0,0.0
genre_Blues,Electronic,0.0,0.0,0.0
genre_Children's Music,Electronic,0.0,0.0,0.0
genre_Classical,Electronic,0.0,0.0,0.0
genre_Comedy,Electronic,0.0,0.0,0.0
genre_Country,Electronic,0.0,0.0,0.0
genre_Dance,Electronic,0.0,0.0,0.0
genre_Electronic,Electronic,0.0,0.0,0.0
genre_Folk,Electronic,0.0,0.0,0.0
genre_Hip-Hop,Electronic,0.0,0.0,0.0
genre_Indie,Electronic,0.0,0.0,0.0
genre_Jazz,Electronic,0.0,0.0,0.0
genre_Movie,Electronic,0.0,0.0,0.0
genre_Opera,Electronic,0.0,0.0,0.0
genre_Pop,Electronic,0.0,0.0,0.0
genre_R&B,Electronic,0.0,0.0,0.0
genre_Rap,Electronic,0.0,0.0,0.0
genre_Reggae,Electronic,0.0,0.0,0.0
genre_Rock,Electronic,0.0,0.0,0.0
genre_Ska,Electronic,0.0,0.0,0.0
genre_Soul,Electronic,0.0,0.0,0.0
genre_Soundtrack,Electronic,0.0,0.0,0.0
genre_World,Electronic,0.0,0.0,0.0
key_A,Electronic,0.0,0.06822958677244045,0.04548639118162697
key_A#,Electronic,0.0,0.061581895535260354,0.0410545970235069
key_B,Electronic,0.0,0.050897668968404405,0.0339317793122696
key_C,Electronic,0.0,0.05673510303292861,0.03782340202195241
key_C#,Electronic,0.0,0.07373361088609776,0.049155740590731835
key_D,Electronic,0.0,0.049212529222111466,0.032808352814740975
key_D#,Electronic,0.0,0.022248765839244285,0.01483251055949619
key_E,Electronic,0.0,0.054439806932422966,0.03629320462161531
key_F,Electronic,0.0,0.047663858437044605,0.031775905624696406
key_F#,Electronic,0.0,0.054866380996717874,0.03657758733114525
key_G,Electronic,0.0,0.054347424152854595,0.036231616101903064
key_G#,Electronic,0.0,0.050281192551509556,0.033520795034339704
mode_Major,Electronic,0.0,0.05589272233754207,0.037261814891694715
mode_Minor,Electronic,0.0,0.05032194730387331,0.033547964869248874
time_signature_0/4,Electronic,0.0,0.0,0.0
time_signature_1/4,Electronic,0.0,0.0020109858252778234,0.0013406572168518822
time_signature_3/4,Electronic,0.0,0.014628560655593136,0.009752373770395424
time_signature_4/4,Electronic,0.0,0.01955265734250192,0.01303510489500128
time_signature_5/4,Electronic,0.0,0.0038857008849220117,0.0025904672566146743
artist_name,Anime,0.0,1.0,0.6666666666666666
track_name,Anime,0.010389273217165125,0.46730611187616267,0.3150004989898301
track_id,Anime,0.0,0.3705849330374251,0.24705662202495007
acousticness,Anime,0.0,0.38680321290964254,0.25786880860642836
danceability,Anime,0.0,0.3509799034462045,0.23398660229746968
duration_ms,Anime,0.43976554648562644,0.5015215092642074,0.4809361883380137
energy,Anime,0.0,0.34569339048655995,0.2304622603243733
instrumentalness,Anime,-1.0,0.75627372052661,0.8375158136844068
liveness,Anime,0.0,0.38248433804398,0.25498955869598666
loudness,Anime,0.48707279873692455,0.495491254771591,0.4926851027600356
speechiness,Anime,0.0,0.3565594439006724,0.2377062959337816
tempo,Anime,0.0,0.35982236723770594,0.23988157815847064
valence,Anime,0.0,0.34505684556399496,0.2300378970426633
genre_A Capella,Anime,0.0,0.0,0.0
genre_Alternative,Anime,0.0,0.0,0.0
genre_Anime,Anime,0.0,0.0,0.0
genre_Blues,Anime,0.0,0.0,0.0
genre_Children's Music,Anime,0.0,0.0,0.0
genre_Classical,Anime,0.0,0.0,0.0
genre_Comedy,Anime,0.0,0.0,0.0
genre_Country,Anime,0.0,0.0,0.0
genre_Dance,Anime,0.0,0.0,0.0
genre_Electronic,Anime,0.0,0.0,0.0
genre_Folk,Anime,0.0,0.0,0.0
genre_Hip-Hop,Anime,0.0,0.0,0.0
genre_Indie,Anime,0.0,0.0,0.0
genre_Jazz,Anime,0.0,0.0,0.0
genre_Movie,Anime,0.0,0.0,0.0
genre_Opera,Anime,0.0,0.0,0.0
genre_Pop,Anime,0.0,0.0,0.0
genre_R&B,Anime,0.0,0.0,0.0
genre_Rap,Anime,0.0,0.0,0.0
genre_Reggae,Anime,0.0,0.0,0.0
genre_Rock,Anime,0.0,0.0,0.0
genre_Ska,Anime,0.0,0.0,0.0
genre_Soul,Anime,0.0,0.0,0.0
genre_Soundtrack,Anime,0.0,0.0,0.0
genre_World,Anime,0.0,0.0,0.0
key_A,Anime,0.0,0.02080652665098193,0.013871017767321287
key_A#,Anime,0.0,0.02181522158059261,0.014543481053728408
key_B,Anime,0.0,0.023867917409942523,0.015911944939961682
key_C,Anime,0.0,0.027583914989453152,0.018389276659635436
key_C#,Anime,0.0,0.02600662533969482,0.017337750226463212
key_D,Anime,0.0,0.02619573504620834,0.017463823364138892
key_D#,Anime,0.0,0.010663779050100521,0.007109186033400348
key_E,Anime,0.0,0.02248464249151665,0.014989761661011099
key_F,Anime,0.0,0.02924917878280542,0.01949945252187028
key_F#,Anime,0.0,0.02215018396118179,0.014766789307454528
key_G,Anime,0.0,0.027525817203888657,0.018350544802592437
key_G#,Anime,0.0,0.027559250642377586,0.018372833761585057
mode_Major,Anime,0.0,0.02031505622397611,0.013543370815984073
mode_Minor,Anime,0.0,0.02407432600802075,0.016049550672013833
time_signature_0/4,Anime,0.0,0.0,0.0
time_signature_1/4,Anime,0.0,0.0022130103476295207,0.0014753402317530138
time_signature_3/4,Anime,0.0,0.01492060032757574,0.009947066885050494
time_signature_4/4,Anime,0.0,0.010217215589133912,0.006811477059422608
time_signature_5/4,Anime,0.0,0.0037926692677162327,0.0025284461784774886
artist_name,Folk,0.0,1.0,0.6666666666666666
track_name,Folk,0.0,0.7386514085790239,0.49243427238601595
track_id,Folk,0.0,0.687157713138281,0.45810514209218733
acousticness,Folk,0.0,0.6449207532381057,0.4299471688254038
danceability,Folk,0.0,0.6363957905287875,0.424263860352525
duration_ms,Folk,0.0,0.7359508167904314,0.4906338778602876
energy,Folk,0.0,0.6421227436889831,0.42808182912598874
instrumentalness,Folk,0.0,0.5875920308364011,0.39172802055760075
liveness,Folk,0.0,0.7160036178679016,0.47733574524526773
loudness,Folk,0.0,0.6861839906471205,0.45745599376474705
speechiness,Folk,0.0,0.692223005489965,0.46148200365997666
tempo,Folk,0.0,0.7332437541911915,0.4888291694607943
valence,Folk,0.0,0.6795274101716606,0.45301827344777373
genre_A Capella,Folk,0.0,0.0,0.0
genre_Alternative,Folk,0.0,0.0,0.0
genre_Anime,Folk,0.0,0.0,0.0
genre_Blues,Folk,0.0,0.0,0.0
genre_Children's Music,Folk,0.0,0.0,0.0
genre_Classical,Folk,0.0,0.0,0.0
genre_Comedy,Folk,0.0,0.0,0.0
genre_Country,Folk,0.0,0.0,0.0
genre_Dance,Folk,0.0,0.0,0.0
genre_Electronic,Folk,0.0,0.0,0.0
genre_Folk,Folk,0.0,0.0,0.0
genre_Hip-Hop,Folk,0.0,0.0,0.0
genre_Indie,Folk,0.0,0.0,0.0
genre_Jazz,Folk,0.0,0.0,0.0
genre_Movie,Folk,0.0,0.0,0.0
genre_Opera,Folk,0.0,0.0,0.0
genre_Pop,Folk,0.0,0.0,0.0
genre_R&B,Folk,0.0,0.0,0.0
genre_Rap,Folk,0.0,0.0,0.0
genre_Reggae,Folk,0.0,0.0,0.0
genre_Rock,Folk,0.0,0.0,0.0
genre_Ska,Folk,0.0,0.0,0.0
genre_Soul,Folk,0.0,0.0,0.0
genre_Soundtrack,Folk,0.0,0.0,0.0
genre_World,Folk,0.0,0.0,0.0
key_A,Folk,0.0,0.0626906910724853,0.041793794048323535
key_A#,Folk,0.0,0.044617910575626966,0.029745273717084644
key_B,Folk,0.0,0.03361223156029192,0.022408154373527948
key_C,Folk,0.0,0.046993790870694344,0.03132919391379623
key_C#,Folk,0.0,0.04628043872988096,0.03085362581992064
key_D,Folk,0.0,0.060252721420426744,0.04016848094695116
key_D#,Folk,0.0,0.02958454627872027,0.01972303085248018
key_E,Folk,0.0,0.04559779385963337,0.03039852923975558
key_F,Folk,0.0,0.053853475864720356,0.0359023172431469
key_F#,Folk,0.0,0.04217776280094924,0.02811850853396616
key_G,Folk,0.0,0.05084115509234038,0.033894103394893585
key_G#,Folk,0.0,0.030520236022567832,0.02034682401504522
mode_Major,Folk,0.0,0.038538491000561975,0.025692327333707982
mode_Minor,Folk,0.0,0.038180256723466595,0.025453504482311064
time_signature_0/4,Folk,0.0,0.0,0.0
time_signature_1/4,Folk,0.0,0.010510345532703622,0.007006897021802415
time_signature_3/4,Folk,0.0,0.028126644993668137,0.018751096662445423
time_signature_4/4,Folk,0.0,0.03313161525569025,0.0220877435037935
time_signature_5/4,Folk,0.0,0.01630464715096383,0.01086976476730922
artist_name,Blues,0.0,1.0,0.6666666666666666
track_name,Blues,0.0,0.5993764437557322,0.39958429583715477
track_id,Blues,0.0,0.5609645180762861,0.3739763453841907
acousticness,Blues,0.0,0.7031961092727578,0.4687974061818385
danceability,Blues,0.0,0.6944776933046842,0.4629851288697895
duration_ms,Blues,0.0,0.676477334742323,0.45098488982821533
energy,Blues,0.0,0.5251316375447317,0.3500877583631545
instrumentalness,Blues,-0.2638901121133644,0.6022177385340832,0.48944186306051024
liveness,Blues,-1.0,0.7364757347263475,0.8243171564842317
loudness,Blues,0.0,0.6937177473249749,0.46247849821664994
speechiness,Blues,0.0,0.6046828927872215,0.4031219285248144
tempo,Blues,0.0,0.5921752198825914,0.3947834799217276
valence,Blues,0.0,0.625661894201395,0.4171079294675966
genre_A Capella,Blues,0.0,0.0,0.0
genre_Alternative,Blues,0.0,0.0,0.0
genre_Anime,Blues,0.0,0.0,0.0
genre_Blues,Blues,0.0,0.0,0.0
genre_Children's Music,Blues,0.0,0.0,0.0
genre_Classical,Blues,0.0,0.0,0.0
genre_Comedy,Blues,0.0,0.0,0.0
genre_Country,Blues,0.0,0.0,0.0
genre_Dance,Blues,0.0,0.0,0.0
genre_Electronic,Blues,0.0,0.0,0.0
genre_Folk,Blues,0.0,0.0,0.0
genre_Hip-Hop,Blues,0.0,0.0,0.0
genre_Indie,Blues,0.0,0.0,0.0
genre_Jazz,Blues,0.0,0.0,0.0
genre_Movie,Blues,0.0,0.0,0.0
genre_Opera,Blues,0.0,0.0,0.0
genre_Pop,Blues,0.0,0.0,0.0
genre_R&B,Blues,0.0,0.0,0.0
genre_Rap,Blues,0.0,0.0,0.0
genre_Reggae,Blues,0.0,0.0,0.0
genre_Rock,Blues,0.0,0.0,0.0
genre_Ska,Blues,0.0,0.0,0.0
genre_Soul,Blues,0.0,0.0,0.0
genre_Soundtrack,Blues,0.0,0.0,0.0
genre_World,Blues,0.0,0.0,0.0
key_A,Blues,0.0,0.05919884912527392,0.03946589941684928
key_A#,Blues,0.0,0.02583274741428519,0.01722183160952346
key_B,Blues,0.0,0.028204462355716702,0.018802974903811134
key_C,Blues,0.0,0.03827801775391584,0.025518678502610557
key_C#,Blues,0.0,0.0391050056469672,0.0260700037646448
key_D,Blues,0.0,0.07846726906056428,0.05231151270704285
key_D#,Blues,0.0,0.013491127338089513,0.008994084892059676
key_E,Blues,0.0,0.04246928137142774,0.028312854247618494
key_F,Blues,0.0,0.036805230424880014,0.024536820283253342
key_F#,Blues,0.0,0.022441339976782996,0.01496089331785533
key_G,Blues,0.0,0.04661604136869489,0.03107736091246326
key_G#,Blues,0.0,0.03297001106706151,0.021980007378041008
mode_Major,Blues,0.0,0.03779163074702361,0.02519442049801574
mode_Minor,Blues,0.0,0.035141616897896626,0.02342774459859775
time_signature_0/4,Blues,0.0,0.0,0.0
time_signature_1/4,Blues,0.0,0.003712499544066587,0.0024749996960443913
time_signature_3/4,Blues,0.0,0.018305517224724885,0.01220367814981659
time_signature_4/4,Blues,0.0,0.031108302618462036,0.020738868412308025
time_signature_5/4,Blues,0.0,0.006636588195952823,0.004424392130635215
artist_name,Opera,0.0,0.5999341308506073,0.3999560872337382
track_name,Opera,0.0,1.0,0.6666666666666666
track_id,Opera,0.0,0.6428590010718281,0.42857266738121874
acousticness,Opera,0.0,0.576480855291075,0.38432057019404997
danceability,Opera,-0.3585144364009043,0.6037141673793429,0.5219809237198634
duration_ms,Opera,0.0,0.5849560221100512,0.38997068140670077
energy,Opera,0.0,0.5641310710882314,0.3760873807254876
instrumentalness,Opera,0.0,0.6528752720465034,0.43525018136433563
liveness,Opera,0.0,0.7693308101940189,0.5128872067960126
loudness,Opera,0.9999999999999999,0.7498018588091061,0.8332012392060707
speechiness,Opera,-0.48772688713316265,0.7728223276735229,0.6777905141600695
tempo,Opera,0.0,0.5941091530460313,0.3960727686973542
valence,Opera,0.0,0.6208123510529705,0.41387490070198035
genre_A Capella,Opera,0.0,0.0,0.0
genre_Alternative,Opera,0.0,0.0,0.0
genre_Anime,Opera,0.0,0.0,0.0
genre_Blues,Opera,0.0,0.0,0.0
genre_Children's Music,Opera,0.0,0.0,0.0
genre_Classical,Opera,0.0,0.0,0.0
genre_Comedy,Opera,0.0,0.0,0.0
genre_Country,Opera,0.0,0.0,0.0
genre_Dance,Opera,0.0,0.0,0.0
genre_Electronic,Opera,0.0,0.0,0.0
genre_Folk,Opera,0.0,0.0,0.0
genre_Hip-Hop,Opera,0.0,0.0,0.0
genre_Indie,Opera,0.0,0.0,0.0
genre_Jazz,Opera,0.0,0.0,0.0
genre_Movie,Opera,0.0,0.0,0.0
genre_Opera,Opera,0.0,0.0,0.0
genre_Pop,Opera,0.0,0.0,0.0
genre_R&B,Opera,0.0,0.0,0.0
genre_Rap,Opera,0.0,0.0,0.0
genre_Reggae,Opera,0.0,0.0,0.0
genre_Rock,Opera,0.0,0.0,0.0
genre_Ska,Opera,0.0,0.0,0.0
genre_Soul,Opera,0.0,0.0,0.0
genre_Soundtrack,Opera,0.0,0.0,0.0
genre_World,Opera,0.0,0.0,0.0
key_A,Opera,0.0,0.03377388160649778,0.02251592107099852
key_A#,Opera,0.0,0.04673971314280652,0.03115980876187101
key_B,Opera,0.0,0.037648731513650266,0.02509915434243351
key_C,Opera,0.0,0.03821046277716596,0.025473641851443973
key_C#,Opera,0.0,0.037899338776604466,0.025266225851069645
key_D,Opera,0.0,0.0640680610669712,0.04271204071131413
key_D#,Opera,0.0,0.04100461408588447,0.027336409390589646
key_E,Opera,0.0,0.05021065030129599,0.03347376686753066
key_F,Opera,0.0,0.047758221625813335,0.03183881441720889
key_F#,Opera,0.0,0.024995624083585525,0.016663749389057018
key_G,Opera,0.0,0.039922294153512686,0.026614862769008457
key_G#,Opera,0.0,0.04451754986722036,0.029678366578146907
mode_Major,Opera,0.0,0.032402370619839416,0.02160158041322628
mode_Minor,Opera,0.0,0.030450046271057584,0.02030003084737172
time_signature_0/4,Opera,0.0,1.9779896543060425e-05,1.3186597695373616e-05
time_signature_1/4,Opera,0.0,0.03502412349454696,0.02334941566303131
time_signature_3/4,Opera,0.0,0.056888572228542364,0.03792571481902824
time_signature_4/4,Opera,0.0,0.050173016541317,0.03344867769421133
time_signature_5/4,Opera,0.0,0.05150748002019202,0.03433832001346135
artist_name,Hip-Hop,0.0,0.9999999999999999,0.6666666666666666
track_name,Hip-Hop,0.0,0.8165214758645575,0.5443476505763717
track_id,Hip-Hop,0.0,0.7808218677842492,0.5205479118561661
acousticness,Hip-Hop,0.0,0.751590104749557,0.501060069833038
danceability,Hip-Hop,1.0,0.8421398805293064,0.8947599203528709
duration_ms,Hip-Hop,0.0,0.7958194703743517,0.5305463135829012
energy,Hip-Hop,0.0,0.7980826386940729,0.5320550924627153
instrumentalness,Hip-Hop,0.0,0.31417382388165277,0.20944921592110186
liveness,Hip-Hop,0.0,0.7746964527744066,0.5164643018496043
loudness,Hip-Hop,0.7247756628650052,0.9496956819868239,0.874722342279551
speechiness,Hip-Hop,-0.43168043555691055,0.8208396265403289,0.6911198962125228
tempo,Hip-Hop,0.0,0.8574402921022951,0.5716268614015301
valence,Hip-Hop,0.0,0.7476452771881457,0.4984301847920971
genre_A Capella,Hip-Hop,0.0,0.0,0.0
genre_Alternative,Hip-Hop,0.0,0.0,0.0
genre_Anime,Hip-Hop,0.0,0.0,0.0
genre_Blues,Hip-Hop,0.0,0.0,0.0
genre_Children's Music,Hip-Hop,0.0,0.0,0.0
genre_Classical,Hip-Hop,0.0,0.0,0.0
genre_Comedy,Hip-Hop,0.0,0.0,0.0
genre_Country,Hip-Hop,0.0,0.0,0.0
genre_Dance,Hip-Hop,0.0,0.0,0.0
genre_Electronic,Hip-Hop,0.0,0.0,0.0
genre_Folk,Hip-Hop,0.0,0.0,0.0
genre_Hip-Hop,Hip-Hop,0.0,0.0,0.0
genre_Indie,Hip-Hop,0.0,0.0,0.0
genre_Jazz,Hip-Hop,0.0,0.0,0.0
genre_Movie,Hip-Hop,0.0,0.0,0.0
genre_Opera,Hip-Hop,0.0,0.0,0.0
genre_Pop,Hip-Hop,0.0,0.0,0.0
genre_R&B,Hip-Hop,0.0,0.0,0.0
genre_Rap,Hip-Hop,0.0,0.0,0.0
genre_Reggae,Hip-Hop,0.0,0.0,0.0
genre_Rock,Hip-Hop,0.0,0.0,0.0
genre_Ska,Hip-Hop,0.0,0.0,0.0
genre_Soul,Hip-Hop,0.0,0.0,0.0
genre_Soundtrack,Hip-Hop,0.0,0.0,0.0
genre_World,Hip-Hop,0.0,0.0,0.0
key_A,Hip-Hop,0.0,0.04293216601098353,0.02862144400732235
key_A#,Hip-Hop,0.0,0.057438077727185156,0.03829205181812344
key_B,Hip-Hop,0.0,0.046963091515224806,0.031308727676816535
key_C,Hip-Hop,0.0,0.05436727342207727,0.036244848948051515
key_C#,Hip-Hop,0.0,0.06448620110006,0.04299080073337333
key_D,Hip-Hop,0.0,0.0430017723870441,0.0286678482580294
key_D#,Hip-Hop,0.0,0.02194606182366035,0.014630707882440233
key_E,Hip-Hop,0.0,0.05315269382536531,0.03543512921691021
key_F,Hip-Hop,0.0,0.05067612838599743,0.03378408559066495
key_F#,Hip-Hop,0.0,0.055294032848402154,0.03686268856560144
key_G,Hip-Hop,0.0,0.04501328457275254,0.030008856381835026
key_G#,Hip-Hop,0.0,0.05579522995952351,0.037196819973015674
mode_Major,Hip-Hop,0.0,0.0503664814253727,0.0335776542835818
mode_Minor,Hip-Hop,0.0,0.05283604638773312,0.035224030925155414
time_signature_0/4,Hip-Hop,0.0,0.0,0.0
time_signature_1/4,Hip-Hop,0.0,0.00611645873929141,0.0040776391595276065
time_signature_3/4,Hip-Hop,0.0,0.006722222411862987,0.004481481607908658
time_signature_4/4,Hip-Hop,0.0,0.01791853040569529,0.011945686937130192
time_signature_5/4,Hip-Hop,0.0,0.017363257008668524,0.011575504672445683
artist_name,Children's Music,0.0,0.19106424416340953,0.12737616277560634
track_name,Children's Music,0.0,0.042427121829621564,0.028284747886414375
track_id,Children's Music,0.0,0.04492070676241674,0.029947137841611158
acousticness,Children's Music,-0.828917718707805,0.18473311336795167,0.3994613151479028
danceability,Children's Music,-0.2476245719928177,0.084993992883142,0.13920418591970055
duration_ms,Children's Music,0.7283611518126176,1.0,0.9094537172708725
energy,Children's Music,0.31453906042724705,0.10070343634722669,0.17198197770723347
instrumentalness,Children's Music,-0.10543579658030522,0.06264749525215549,0.07691026236153874
liveness,Children's Music,0.0,0.05009204869256739,0.03339469912837826
loudness,Children's Music,1.0,0.3787063654587038,0.5858042436391359
speechiness,Children's Music,0.0,0.07434816532333598,0.04956544354889065
tempo,Children's Music,-0.13075249388008878,0.05546136941541696,0.0805584109036409
valence,Children's Music,-0.8146806078622025,0.19686022819827906,0.4028003547529202
genre_A Capella,Children's Music,0.0,0.0,0.0
genre_Alternative,Children's Music,0.0,0.0,0.0
genre_Anime,Children's Music,0.0,0.0,0.0
genre_Blues,Children's Music,0.0,0.0,0.0
genre_Children's Music,Children's Music,0.0,0.0,0.0
genre_Classical,Children's Music,0.0,0.0,0.0
genre_Comedy,Children's Music,0.0,0.0,0.0
genre_Country,Children's Music,0.0,0.0,0.0
genre_Dance,Children's Music,0.0,0.0,0.0
genre_Electronic,Children's Music,0.0,0.0,0.0
genre_Folk,Children's Music,0.0,0.0,0.0
genre_Hip-Hop,Children's Music,0.0,0.0,0.0
genre_Indie,Children's Music,0.0,0.0,0.0
genre_Jazz,Children's Music,0.0,0.0,0.0
genre_Movie,Children's Music,0.0,0.0,0.0
genre_Opera,Children's Music,0.0,0.0,0.0
genre_Pop,Children's Music,0.0,0.0,0.0
genre_R&B,Children's Music,0.0,0.0,0.0
genre_Rap,Children's Music,0.0,0.0,0.0
genre_Reggae,Children's Music,0.0,0.0,0.0
genre_Rock,Children's Music,0.0,0.0,0.0
genre_Ska,Children's Music,0.0,0.0,0.0
genre_Soul,Children's Music,0.0,0.0,0.0
genre_Soundtrack,Children's Music,0.0,0.0,0.0
genre_World,Children's Music,0.0,0.0,0.0
key_A,Children's Music,0.0,0.0038176312304725765,0.0025450874869817177
key_A#,Children's Music,0.0,0.002968595551793348,0.0019790637011955652
key_B,Children's Music,0.026396888244262732,0.00372182838765116,0.01128018167318835
key_C,Children's Music,0.0,0.004893696247262723,0.003262464164841815
key_C#,Children's Music,0.06404592015376574,0.004727065120145955,0.02450001679801922
key_D,Children's Music,-0.003066910269149909,0.004714295765423937,0.004165167266665927
key_D#,Children's Music,0.0,0.0022157312058127517,0.0014771541372085011
key_E,Children's Music,0.0,0.004122000200674505,0.002748000133783003
key_F,Children's Music,0.0,0.004549246988211541,0.0030328313254743607
key_F#,Children's Music,0.05018187626579443,0.005133274397205293,0.02014947502006834
key_G,Children's Music,0.0,0.00483719680378159,0.0032247978691877267
key_G#,Children's Music,0.030144889724540734,0.002793802189104385,0.011910831367583169
mode_Major,Children's Music,-0.31688986658180707,0.0079631619841352,0.11093873018335916
mode_Minor,Children's Music,6.615611138904759e-15,0.008849258045575936,0.005899505363719496
time_signature_0/4,Children's Music,0.0,0.0,0.0
time_signature_1/4,Children's Music,0.0,0.0013455193086711194,0.0008970128724474129
time_signature_3/4,Children's Music,-0.03423162216351469,0.0029826375899624554,0.013398965781146535
time_signature_4/4,Children's Music,0.0,0.0016834680345250534,0.0011223120230167024
time_signature_5/4,Children's Music,0.0,0.00161429754442248,0.00107619836294832
artist_name,Rap,0.0,0.9999999999999999,0.6666666666666666
track_name,Rap,0.0,0.8448945580373248,0.5632630386915499
track_id,Rap,0.0,0.7705268253979678,0.5136845502653119
acousticness,Rap,0.0,0.7392394698955123,0.4928263132636748
danceability,Rap,0.0,0.8075619683389414,0.5383746455592943
duration_ms,Rap,0.0,0.754750118124977,0.5031667454166514
energy,Rap,0.0,0.8056365120592096,0.5370910080394731
instrumentalness,Rap,0.0,0.2912715669890345,0.19418104465935634
liveness,Rap,0.0,0.7398741281961891,0.4932494187974594
loudness,Rap,0.0,0.894651396211369,0.5964342641409127
speechiness,Rap,-1.0,0.8150408918581258,0.8766939279054172
tempo,Rap,0.0,0.7432715333328195,0.495514355555213
valence,Rap,0.0,0.7158205676217718,0.4772137117478479
genre_A Capella,Rap,0.0,0.0,0.0
genre_Alternative,Rap,0.0,0.0,0.0
genre_Anime,Rap,0.0,0.0,0.0
genre_Blues,Rap,0.0,0.0,0.0
genre_Children's Music,Rap,0.0,0.0,0.0
genre_Classical,Rap,0.0,0.0,0.0
genre_Comedy,Rap,0.0,0.0,0.0
genre_Country,Rap,0.0,0.0,0.0
genre_Dance,Rap,0.0,0.0,0.0
genre_Electronic,Rap,0.0,0.0,0.0
genre_Folk,Rap,0.0,0.0,0.0
genre_Hip-Hop,Rap,0.0,0.0,0.0
genre_Indie,Rap,0.0,0.0,0.0
genre_Jazz,Rap,0.0,0.0,0.0
genre_Movie,Rap,0.0,0.0,0.0
genre_Opera,Rap,0.0,0.0,0.0
genre_Pop,Rap,0.0,0.0,0.0
genre_R&B,Rap,0.0,0.0,0.0
genre_Rap,Rap,0.0,0.0,0.0
genre_Reggae,Rap,0.0,0.0,0.0
genre_Rock,Rap,0.0,0.0,0.0
genre_Ska,Rap,0.0,0.0,0.0
genre_Soul,Rap,0.0,0.0,0.0
genre_Soundtrack,Rap,0.0,0.0,0.0
genre_World,Rap,0.0,0.0,0.0
key_A,Rap,0.0,0.055832433904990465,0.037221622603326975
key_A#,Rap,0.0,0.05764074414814782,0.03842716276543188
key_B,Rap,0.0,0.05188311612180547,0.034588744081203646
key_C,Rap,0.0,0.05458807511583198,0.03639205007722132
key_C#,Rap,0.0,0.06049256067219408,0.04032837378146272
key_D,Rap,0.0,0.045467080850128724,0.03031138723341915
key_D#,Rap,0.0,0.023233254570661756,0.01548883638044117
key_E,Rap,0.0,0.0409838727785776,0.027322581852385067
key_F,Rap,0.0,0.04735870905073505,0.03157247270049003
key_F#,Rap,0.0,0.048006708144003686,0.032004472096002455
key_G,Rap,0.0,0.04571255161828531,0.030475034412190207
key_G#,Rap,0.0,0.05668536683035079,0.03779024455356719
mode_Major,Rap,0.0,0.05590359637385274,0.03726906424923516
mode_Minor,Rap,0.0,0.06078218723302392,0.04052145815534928
time_signature_0/4,Rap,0.0,6.067385576677047e-07,4.044923717784698e-07
time_signature_1/4,Rap,0.0,0.004575509513635757,0.0030503396757571716
time_signature_3/4,Rap,0.0,0.013622804298280876,0.00908186953218725
time_signature_4/4,Rap,0.0,0.015079775647383402,0.010053183764922268
time_signature_5/4,Rap,0.0,0.016934375968531673,0.011289583979021115
artist_name,Indie,0.0,1.0,0.6666666666666666
track_name,Indie,0.0,0.7700452616174557,0.5133635077449704
track_id,Indie,0.0,0.8373473092196496,0.5582315394797664
acousticness,Indie,0.0,0.8540310904198825,0.5693540602799216
danceability,Indie,1.0,0.8845738228806034,0.9230492152537355
duration_ms,Indie,0.0,0.8133478008741851,0.5422318672494567
energy,Indie,0.0,0.7846751271006347,0.5231167514004231
instrumentalness,Indie,0.0,0.7769607889528263,0.5179738593018842
liveness,Indie,0.0,0.7478994769333016,0.49859965128886774
loudness,Indie,0.0,0.8015778642625494,0.5343852428416996
speechiness,Indie,0.0,0.8158861919567515,0.5439241279711676
tempo,Indie,0.0,0.8671258924917215,0.5780839283278143
valence,Indie,0.0,0.80180847541548,0.5345389836103199
genre_A Capella,Indie,0.0,0.0,0.0
genre_Alternative,Indie,0.0,0.0,0.0
genre_Anime,Indie,0.0,0.0,0.0
genre_Blues,Indie,0.0,0.0,0.0
genre_Children's Music,Indie,0.0,0.0,0.0
genre_Classical,Indie,0.0,0.0,0.0
genre_Comedy,Indie,0.0,0.0,0.0
genre_Country,Indie,0.0,0.0,0.0
genre_Dance,Indie,0.0,0.0,0.0
genre_Electronic,Indie,0.0,0.0,0.0
genre_Folk,Indie,0.0,0.0,0.0
genre_Hip-Hop,Indie,0.0,0.0,0.0
genre_Indie,Indie,0.0,0.0,0.0
genre_Jazz,Indie,0.0,0.0,0.0
genre_Movie,Indie,0.0,0.0,0.0
genre_Opera,Indie,0.0,0.0,0.0
genre_Pop,Indie,0.0,0.0,0.0
genre_R&B,Indie,0.0,0.0,0.0
genre_Rap,Indie,0.0,0.0,0.0
genre_Reggae,Indie,0.0,0.0,0.0
genre_Rock,Indie,0.0,0.0,0.0
genre_Ska,Indie,0.0,0.0,0.0
genre_Soul,Indie,0.0,0.0,0.0
genre_Soundtrack,Indie,0.0,0.0,0.0
genre_World,Indie,0.0,0.0,0.0
key_A,Indie,0.0,0.05504852481196395,0.0366990165413093
key_A#,Indie,0.0,0.04801913482992161,0.03201275655328107
key_B,Indie,0.0,0.05490116449555186,0.03660077633036791
key_C,Indie,0.0,0.05749089977886074,0.03832726651924049
key_C#,Indie,0.0,0.04839114332206005,0.0322607622147067
key_D,Indie,0.0,0.050178641361494,0.033452427574329334
key_D#,Indie,0.0,0.02931029769160353,0.01954019846106902
key_E,Indie,0.0,0.052945646279962615,0.035297097519975076
key_F,Indie,0.0,0.08444287713168346,0.0562952514211223
key_F#,Indie,0.0,0.07218365428905636,0.04812243619270424
key_G,Indie,0.0,0.0616876120249488,0.0411250746832992
key_G#,Indie,0.0,0.040878572633939805,0.02725238175595987
mode_Major,Indie,0.0,0.054642839825196264,0.036428559883464176
mode_Minor,Indie,0.0,0.05112860970145102,0.034085739800967345
time_signature_0/4,Indie,0.0,0.0,0.0
time_signature_1/4,Indie,0.0,0.00735195690070926,0.00490130460047284
time_signature_3/4,Indie,0.0,0.03154510883152109,0.021030072554347395
time_signature_4/4,Indie,0.0,0.03175892310675239,0.021172615404501594
time_signature_5/4,Indie,0.0,0.009783895658520921,0.006522597105680614
artist_name,Classical,-0.13606356459306565,0.9713906529238473,0.69294829014692
track_name,Classical,0.0,0.877357238917875,0.58490482594525
track_id,Classical,0.0,0.38724132321002486,0.2581608821400166
acousticness,Classical,-1.0,0.5812737804300369,0.720849186953358
danceability,Classical,0.0,0.43274924450788005,0.2884994963385867
duration_ms,Classical,0.0,0.7605675095375106,0.5070450063583404
energy,Classical,0.15698401359766384,0.4465870190048106,0.350052683869095
instrumentalness,Classical,0.6752579875923596,1.0,0.8917526625307866
liveness,Classical,-0.8596607877876877,0.8500887294009615,0.8532794155298702
loudness,Classical,0.0,0.9729812863427196,0.6486541908951464
speechiness,Classical,-0.3014838133525225,0.5086454554104882,0.4395915747244996
tempo,Classical,0.0,0.4430324975158458,0.29535499834389717
valence,Classical,-0.04843171348635141,0.48293689889719843,0.3381018370935827
genre_A Capella,Classical,0.0,0.0,0.0
genre_Alternative,Classical,0.0,0.0,0.0
genre_Anime,Classical,0.0,0.0,0.0
genre_Blues,Classical,0.0,0.0,0.0
genre_Children's Music,Classical,0.0,0.0,0.0
genre_Classical,Classical,0.0,0.0,0.0
genre_Comedy,Classical,0.0,0.0,0.0
genre_Country,Classical,0.0,0.0,0.0
genre_Dance,Classical,0.0,0.0,0.0
genre_Electronic,Classical,0.0,0.0,0.0
genre_Folk,Classical,0.0,0.0,0.0
genre_Hip-Hop,Classical,0.0,0.0,0.0
genre_Indie,Classical,0.0,0.0,0.0
genre_Jazz,Classical,0.0,0.0,0.0
genre_Movie,Classical,0.0,0.0,0.0
genre_Opera,Classical,0.0,0.0,0.0
genre_Pop,Classical,0.0,0.0,0.0
genre_R&B,Classical,0.0,0.0,0.0
genre_Rap,Classical,0.0,0.0,0.0
genre_Reggae,Classical,0.0,0.0,0.0
genre_Rock,Classical,0.0,0.0,0.0
genre_Ska,Classical,0.0,0.0,0.0
genre_Soul,Classical,0.0,0.0,0.0
genre_Soundtrack,Classical,0.0,0.0,0.0
genre_World,Classical,0.0,0.0,0.0
key_A,Classical,0.0,0.02489218018661095,0.016594786791073967
key_A#,Classical,0.0,0.04075099108550995,0.027167327390339963
key_B,Classical,0.0,0.027884067639861572,0.01858937842657438
key_C,Classical,0.0,0.03874253563871577,0.02582835709247718
key_C#,Classical,0.0,0.027867434758279103,0.018578289838852735
key_D,Classical,0.0,0.0342794197321305,0.022852946488087
key_D#,Classical,0.0,0.05582756988644537,0.03721837992429691
key_E,Classical,0.0,0.02855527041324279,0.019036846942161862
key_F,Classical,0.0,0.03038098820800211,0.020253992138668072
key_F#,Classical,0.0,0.04147472026384583,0.027649813509230552
key_G,Classical,0.0,0.04725037731470039,0.031500251543133594
key_G#,Classical,0.0,0.028549530449049967,0.019033020299366644
mode_Major,Classical,0.0,0.02890210342025681,0.019268068946837875
mode_Minor,Classical,0.0,0.027032055012804063,0.018021370008536042
time_signature_0/4,Classical,0.0,0.0,0.0
time_signature_1/4,Classical,0.0,0.01763989119101662,0.011759927460677748
time_signature_3/4,Classical,0.0,0.03072818989600717,0.020485459930671447
time_signature_4/4,Classical,0.0,0.03037608770017475,0.020250725133449835
time_signature_5/4,Classical,0.0,0.01747906010312645,0.011652706735417634
artist_name,Pop,0.0,0.941762252692151,0.6278415017947673
track_name,Pop,0.0,0.9904811094864971,0.6603207396576648
track_id,Pop,0.0,0.8610574215841035,0.574038281056069
acousticness,Pop,0.0,0.871407775713918,0.580938517142612
danceability,Pop,1.0,1.0,1.0
duration_ms,Pop,0.0,0.9575082889909882,0.6383388593273255
energy,Pop,0.0,0.812896980262083,0.541931320174722
instrumentalness,Pop,0.0,0.46640658938120505,0.3109377262541367
liveness,Pop,0.0,0.7946145402830624,0.529743026855375
loudness,Pop,0.0,0.8434786636768671,0.5623191091179114
speechiness,Pop,0.0,0.8051514245792265,0.536767616386151
tempo,Pop,0.0,0.8854840212652886,0.5903226808435257
valence,Pop,0.0,0.7920551554889191,0.5280367703259461
genre_A Capella,Pop,0.0,0.0,0.0
genre_Alternative,Pop,0.0,0.0,0.0
genre_Anime,Pop,0.0,0.0,0.0
genre_Blues,Pop,0.0,0.0,0.0
genre_Children's Music,Pop,0.0,0.0,0.0
genre_Classical,Pop,0.0,0.0,0.0
genre_Comedy,Pop,0.0,0.0,0.0
genre_Country,Pop,0.0,0.0,0.0
genre_Dance,Pop,0.0,0.0,0.0
genre_Electronic,Pop,0.0,0.0,0.0
genre_Folk,Pop,0.0,0.0,0.0
genre_Hip-Hop,Pop,0.0,0.0,0.0
genre_Indie,Pop,0.0,0.0,0.0
genre_Jazz,Pop,0.0,0.0,0.0
genre_Movie,Pop,0.0,0.0,0.0
genre_Opera,Pop,0.0,0.0,0.0
genre_Pop,Pop,0.0,0.0,0.0
genre_R&B,Pop,0.0,0.0,0.0
genre_Rap,Pop,0.0,0.0,0.0
genre_Reggae,Pop,0.0,0.0,0.0
genre_Rock,Pop,0.0,0.0,0.0
genre_Ska,Pop,0.0,0.0,0.0
genre_Soul,Pop,0.0,0.0,0.0
genre_Soundtrack,Pop,0.0,0.0,0.0
genre_World,Pop,0.0,0.0,0.0
key_A,Pop,0.0,0.047852984861973556,0.03190198990798237
key_A#,Pop,0.0,0.06288615927073408,0.04192410618048939
key_B,Pop,0.0,0.06539706487936897,0.043598043252912645
key_C,Pop,0.0,0.08026262202973915,0.05350841468649276
key_C#,Pop,0.0,0.08667632381802455,0.057784215878683036
key_D,Pop,0.0,0.052075291226313346,0.03471686081754223
key_D#,Pop,0.0,0.04438213869886369,0.029588092465909127
key_E,Pop,0.0,0.05133160759156954,0.03422107172771303
key_F,Pop,0.0,0.05507583355172162,0.03671722236781441
key_F#,Pop,0.0,0.05733376508754003,0.03822251005836002
key_G,Pop,0.0,0.06419913872879453,0.04279942581919635
key_G#,Pop,0.0,0.047672779734399484,0.031781853156266325
mode_Major,Pop,0.0,0.0524073268099202,0.03493821787328013
mode_Minor,Pop,0.0,0.0568880580755798,0.037925372050386534
time_signature_0/4,Pop,0.0,0.0,0.0
time_signature_1/4,Pop,0.0,0.0023724111226144724,0.001581607415076315
time_signature_3/4,Pop,0.0,0.018274558660007843,0.012183039106671895
time_signature_4/4,Pop,0.0,0.02167694576282466,0.01445129717521644
time_signature_5/4,Pop,0.0,0.01004329354783371,0.00669552903188914
artist_name,Reggae,0.0,1.0,0.6666666666666666
track_name,Reggae,0.0,0.6764743160614566,0.45098287737430437
track_id,Reggae,0.0,0.6727000350485931,0.4484666900323954
acousticness,Reggae,0.0,0.7298447757188388,0.4865631838125592
danceability,Reggae,0.7344409382188913,0.7612678338748382,0.7523255353228558
duration_ms,Reggae,0.0,0.7150464423393508,0.47669762822623385
energy,Reggae,0.0,0.7524552476077464,0.5016368317384976
instrumentalness,Reggae,0.0,0.3435051504480967,0.22900343363206446
liveness,Reggae,0.0,0.7074396276150929,0.471626418410062
loudness,Reggae,1.0,0.8950880568774171,0.9300587045849448
speechiness,Reggae,0.0,0.7055887258102577,0.47039248387350513
tempo,Reggae,0.0,0.7586425399111121,0.5057616932740747
valence,Reggae,-0.04639323104572814,0.7368614483051691,0.5067053758853555
genre_A Capella,Reggae,0.0,0.0,0.0
genre_Alternative,Reggae,0.0,0.0,0.0
genre_Anime,Reggae,0.0,0.0,0.0
genre_Blues,Reggae,0.0,0.0,0.0
genre_Children's Music,Reggae,0.0,0.0,0.0
genre_Classical,Reggae,0.0,0.0,0.0
genre_Comedy,Reggae,0.0,0.0,0.0
genre_Country,Reggae,0.0,0.0,0.0
genre_Dance,Reggae,0.0,0.0,0.0
genre_Electronic,Reggae,0.0,0.0,0.0
genre_Folk,Reggae,0.0,0.0,0.0
genre_Hip-Hop,Reggae,0.0,0.0,0.0
genre_Indie,Reggae,0.0,0.0,0.0
genre_Jazz,Reggae,0.0,0.0,0.0
genre_Movie,Reggae,0.0,0.0,0.0
genre_Opera,Reggae,0.0,0.0,0.0
genre_Pop,Reggae,0.0,0.0,0.0
genre_R&B,Reggae,0.0,0.0,0.0
genre_Rap,Reggae,0.0,0.0,0.0
genre_Reggae,Reggae,0.0,0.0,0.0
genre_Rock,Reggae,0.0,0.0,0.0
genre_Ska,Reggae,0.0,0.0,0.0
genre_Soul,Reggae,0.0,0.0,0.0
genre_Soundtrack,Reggae,0.0,0.0,0.0
genre_World,Reggae,0.0,0.0,0.0
key_A,Reggae,0.0,0.05092309860902489,0.0339487324060166
key_A#,Reggae,0.0,0.040961395306668306,0.027307596871112203
key_B,Reggae,0.0,0.04625749311246601,0.03083832874164401
key_C,Reggae,0.0,0.05122644461075569,0.03415096307383713
key_C#,Reggae,0.0,0.0527299092786394,0.03515327285242627
key_D,Reggae,0.0,0.036480809500536546,0.024320539667024365
key_D#,Reggae,0.0,0.01814154812116016,0.012094365414106772
key_E,Reggae,0.0,0.04446570307911537,0.02964380205274358
key_F,Reggae,0.0,0.044421616830062106,0.029614411220041405
key_F#,Reggae,0.0,0.05285671180485374,0.03523780786990249
key_G,Reggae,0.0,0.0475243310402275,0.031682887360151665
key_G#,Reggae,0.0,0.04935917346238227,0.03290611564158818
mode_Major,Reggae,0.0,0.04642865558926239,0.03095243705950826
mode_Minor,Reggae,0.0,0.04750512974680423,0.03167008649786949
time_signature_0/4,Reggae,0.0,0.0,0.0
time_signature_1/4,Reggae,0.0,0.0003927286068916261,0.00026181907126108405
time_signature_3/4,Reggae,0.0,0.011613705010203172,0.007742470006802115
time_signature_4/4,Reggae,0.0,0.011543354266002552,0.007695569510668368
time_signature_5/4,Reggae,0.0,0.009612826291272176,0.0064085508608481175
artist_name,Jazz,0.0,1.0,0.6666666666666666
track_name,Jazz,0.0,0.9143015130653641,0.609534342043576
track_id,Jazz,0.0,0.7823659150569048,0.5215772767046032
acousticness,Jazz,0.0,0.8008556760648461,0.5339037840432307
danceability,Jazz,0.0,0.8170652934044205,0.544710195602947
duration_ms,Jazz,0.0,0.975744366117257,0.6504962440781713
energy,Jazz,-0.15823891330936923,0.7642909844075757,0.5622736273748402
instrumentalness,Jazz,-1.0,0.9349361787675624,0.956624119178375
liveness,Jazz,0.0,0.6964626646081531,0.46430844307210206
loudness,Jazz,0.0,0.8663137975014653,0.5775425316676436
speechiness,Jazz,0.0,0.9913120226909492,0.6608746817939661
tempo,Jazz,0.0,0.77493915996424,0.5166261066428267
valence,Jazz,-0.029549634900217503,0.7369551155620858,0.5011532886747964
genre_A Capella,Jazz,0.0,0.0,0.0
genre_Alternative,Jazz,0.0,0.0,0.0
genre_Anime,Jazz,0.0,0.0,0.0
genre_Blues,Jazz,0.0,0.0,0.0
genre_Children's Music,Jazz,0.0,0.0,0.0
genre_Classical,Jazz,0.0,0.0,0.0
genre_Comedy,Jazz,0.0,0.0,0.0
genre_Country,Jazz,0.0,0.0,0.0
genre_Dance,Jazz,0.0,0.0,0.0
genre_Electronic,Jazz,0.0,0.0,0.0
genre_Folk,Jazz,0.0,0.0,0.0
genre_Hip-Hop,Jazz,0.0,0.0,0.0
genre_Indie,Jazz,0.0,0.0,0.0
genre_Jazz,Jazz,0.0,0.0,0.0
genre_Movie,Jazz,0.0,0.0,0.0
genre_Opera,Jazz,0.0,0.0,0.0
genre_Pop,Jazz,0.0,0.0,0.0
genre_R&B,Jazz,0.0,0.0,0.0
genre_Rap,Jazz,0.0,0.0,0.0
genre_Reggae,Jazz,0.0,0.0,0.0
genre_Rock,Jazz,0.0,0.0,0.0
genre_Ska,Jazz,0.0,0.0,0.0
genre_Soul,Jazz,0.0,0.0,0.0
genre_Soundtrack,Jazz,0.0,0.0,0.0
genre_World,Jazz,0.0,0.0,0.0
key_A,Jazz,0.0,0.05537983339837566,0.03691988893225044
key_A#,Jazz,0.0,0.0509461844877578,0.033964122991838534
key_B,Jazz,0.0,0.03885997387792809,0.02590664925195206
key_C,Jazz,0.0,0.060307507771263875,0.040205005180842586
key_C#,Jazz,0.0,0.04077806443164494,0.027185376287763293
key_D,Jazz,0.0,0.05065198564082073,0.033767990427213825
key_D#,Jazz,0.0,0.028774977856135454,0.01918331857075697
key_E,Jazz,0.0,0.04276291410543485,0.028508609403623233
key_F,Jazz,0.0,0.06866572632626676,0.04577715088417784
key_F#,Jazz,0.0,0.04331152164473184,0.028874347763154562
key_G,Jazz,0.0,0.061672858998022204,0.0411152393320148
key_G#,Jazz,0.0,0.053879952584531134,0.035919968389687425
mode_Major,Jazz,0.0,0.052049984966107556,0.03469998997740504
mode_Minor,Jazz,0.0,0.05350034863148065,0.03566689908765377
time_signature_0/4,Jazz,0.0,0.0,0.0
time_signature_1/4,Jazz,0.0,0.038050598912655574,0.02536706594177038
time_signature_3/4,Jazz,0.0,0.023834970200554414,0.015889980133702943
time_signature_4/4,Jazz,0.0,0.02178437267801118,0.014522915118674122
time_signature_5/4,Jazz,0.0,0.02585705883917575,0.017238039226117167
artist_name,Rock,0.0,1.0,0.6666666666666666
track_name,Rock,0.0,0.9173300822994078,0.6115533881996053
track_id,Rock,0.0,0.8366231512402944,0.5577487674935296
acousticness,Rock,0.0,0.7748693860358744,0.5165795906905829
danceability,Rock,0.0,0.825685320591583,0.5504568803943887
duration_ms,Rock,0.0,0.8441081632241184,0.5627387754827456
energy,Rock,0.0,0.7015427957911325,0.46769519719408836
instrumentalness,Rock,0.0,0.6638660604892206,0.4425773736594804
liveness,Rock,0.0,0.8720745641928462,0.5813830427952308
loudness,Rock,0.0,0.9136971601509433,0.6091314401006288
speechiness,Rock,0.0,0.9005106628305307,0.6003404418870205
tempo,Rock,0.0,0.8912318462280207,0.5941545641520137
valence,Rock,0.0,0.8405831391615216,0.5603887594410144
genre_A Capella,Rock,0.0,0.0,0.0
genre_Alternative,Rock,0.0,0.0,0.0
genre_Anime,Rock,0.0,0.0,0.0
genre_Blues,Rock,0.0,0.0,0.0
genre_Children's Music,Rock,0.0,0.0,0.0
genre_Classical,Rock,0.0,0.0,0.0
genre_Comedy,Rock,0.0,0.0,0.0
genre_Country,Rock,0.0,0.0,0.0
genre_Dance,Rock,0.0,0.0,0.0
genre_Electronic,Rock,0.0,0.0,0.0
genre_Folk,Rock,0.0,0.0,0.0
genre_Hip-Hop,Rock,0.0,0.0,0.0
genre_Indie,Rock,0.0,0.0,0.0
genre_Jazz,Rock,0.0,0.0,0.0
genre_Movie,Rock,0.0,0.0,0.0
genre_Opera,Rock,0.0,0.0,0.0
genre_Pop,Rock,0.0,0.0,0.0
genre_R&B,Rock,0.0,0.0,0.0
genre_Rap,Rock,0.0,0.0,0.0
genre_Reggae,Rock,0.0,0.0,0.0
genre_Rock,Rock,0.0,0.0,0.0
genre_Ska,Rock,0.0,0.0,0.0
genre_Soul,Rock,0.0,0.0,0.0
genre_Soundtrack,Rock,0.0,0.0,0.0
genre_World,Rock,0.0,0.0,0.0
key_A,Rock,0.0,0.07901135155305022,0.05267423436870015
key_A#,Rock,0.0,0.06535782824469517,0.04357188549646345
key_B,Rock,0.0,0.05163563630115995,0.03442375753410663
key_C,Rock,0.0,0.06503355630490949,0.043355704203273
key_C#,Rock,0.0,0.04814028053829729,0.03209352035886486
key_D,Rock,0.0,0.06624370746274606,0.04416247164183071
key_D#,Rock,0.0,0.038135147950916055,0.02542343196727737
key_E,Rock,0.0,0.06969420735970697,0.04646280490647131
key_F,Rock,0.0,0.047141519214771735,0.03142767947651449
key_F#,Rock,0.0,0.06401180218518057,0.04267453479012038
key_G,Rock,0.0,0.07824506204852083,0.05216337469901389
key_G#,Rock,0.0,0.03634402497189973,0.024229349981266485
mode_Major,Rock,0.0,0.050383377352108696,0.03358891823473913
mode_Minor,Rock,0.0,0.04845969535856824,0.032306463572378825
time_signature_0/4,Rock,0.0,0.0,0.0
time_signature_1/4,Rock,0.0,0.003077684694228684,0.002051789796152456
time_signature_3/4,Rock,0.0,0.022028365570806053,0.014685577047204036
time_signature_4/4,Rock,0.0,0.02561884002062061,0.01707922668041374
time_signature_5/4,Rock,0.0,0.011558664749236565,0.007705776499491043
artist_name,Ska,0.0,1.0,0.6666666666666666
track_name,Ska,0.0,0.1588202180132608,0.10588014534217387
track_id,Ska,0.0,0.16075575819999657,0.10717050546666439
acousticness,Ska,0.0,0.17814697559599194,0.11876465039732796
danceability,Ska,0.4558143685585723,0.23916964137803723,0.3113845504382156
duration_ms,Ska,1.0,0.2646203229355112,0.5097468819570075
energy,Ska,0.0,0.18598710903872362,0.12399140602581575
instrumentalness,Ska,-0.15174421027647897,0.13185758541814352,0.13848646037092202
liveness,Ska,0.023728695409972477,0.18918358886117412,0.13403195771077356
loudness,Ska,0.0,0.21265708753332666,0.14177139168888445
speechiness,Ska,-0.18794393401606418,0.18125194199379754,0.18348260600121977
tempo,Ska,0.0,0.17415719355985726,0.1161047957065715
valence,Ska,0.0,0.15811605819822092,0.1054107054654806
genre_A Capella,Ska,0.0,0.0,0.0
genre_Alternative,Ska,0.0,0.0,0.0
genre_Anime,Ska,0.0,0.0,0.0
genre_Blues,Ska,0.0,0.0,0.0
genre_Children's Music,Ska,0.0,0.0,0.0
genre_Classical,Ska,0.0,0.0,0.0
genre_Comedy,Ska,0.0,0.0,0.0
genre_Country,Ska,0.0,0.0,0.0
genre_Dance,Ska,0.0,0.0,0.0
genre_Electronic,Ska,0.0,0.0,0.0
genre_Folk,Ska,0.0,0.0,0.0
genre_Hip-Hop,Ska,0.0,0.0,0.0
genre_Indie,Ska,0.0,0.0,0.0
genre_Jazz,Ska,0.0,0.0,0.0
genre_Movie,Ska,0.0,0.0,0.0
genre_Opera,Ska,0.0,0.0,0.0
genre_Pop,Ska,0.0,0.0,0.0
genre_R&B,Ska,0.0,0.0,0.0
genre_Rap,Ska,0.0,0.0,0.0
genre_Reggae,Ska,0.0,0.0,0.0
genre_Rock,Ska,0.0,0.0,0.0
genre_Ska,Ska,0.0,0.0,0.0
genre_Soul,Ska,0.0,0.0,0.0
genre_Soundtrack,Ska,0.0,0.0,0.0
genre_World,Ska,0.0,0.0,0.0
key_A,Ska,0.0,0.011340112528711376,0.0075600750191409175
key_A#,Ska,0.0,0.00874301721188651,0.005828678141257673
key_B,Ska,0.0,0.009734070883559383,0.006489380589039588
key_C,Ska,0.0,0.0159112249815457,0.010607483321030467
key_C#,Ska,0.0,0.009650369020874678,0.006433579347249785
key_D,Ska,0.0,0.013854090572704656,0.009236060381803104
key_D#,Ska,0.0,0.002978159006413512,0.001985439337609008
key_E,Ska,0.0,0.012961923301780707,0.008641282201187138
key_F,Ska,0.0,0.009477761794436679,0.006318507862957786
key_F#,Ska,0.0,0.008322172570517403,0.005548115047011602
key_G,Ska,0.0,0.012991665926706846,0.008661110617804564
key_G#,Ska,0.0,0.008372475975431117,0.005581650650287411
mode_Major,Ska,0.0,0.010343895488535038,0.006895930325690025
mode_Minor,Ska,0.0,0.01010950073392229,0.006739667155948193
time_signature_0/4,Ska,0.0,0.0,0.0
time_signature_1/4,Ska,0.0,0.0004551037117382796,0.0003034024744921864
time_signature_3/4,Ska,0.0,0.0019821735591371657,0.0013214490394247772
time_signature_4/4,Ska,0.0,0.0031696564022891905,0.0021131042681927937
time_signature_5/4,Ska,0.0,0.00018231225658961594,0.0001215415043930773
artist_name,Comedy,0.0,1.0,0.6666666666666666
track_name,Comedy,0.0,0.13831363851047992,0.09220909234031995
track_id,Comedy,0.0,0.10272939664598923,0.06848626443065949
acousticness,Comedy,0.0,0.22987948832080077,0.15325299221386718
danceability,Comedy,0.0,0.16314759900116266,0.10876506600077511
duration_ms,Comedy,0.0,0.1760531679014333,0.11736877860095553
energy,Comedy,0.0,0.20647081703170297,0.13764721135446864
instrumentalness,Comedy,0.0,0.041423322768936184,0.027615548512624124
liveness,Comedy,0.0,0.14097457002134237,0.09398304668089491
loudness,Comedy,0.9999999999999999,0.3901554673420915,0.593436978228061
speechiness,Comedy,0.0,0.20087501246041542,0.1339166749736103
tempo,Comedy,0.0,0.11030911237408807,0.07353940824939205
valence,Comedy,-0.37893217486732633,0.2143495506798087,0.26921042540898127
genre_A Capella,Comedy,0.0,0.0,0.0
genre_Alternative,Comedy,0.0,0.0,0.0
genre_Anime,Comedy,0.0,0.0,0.0
genre_Blues,Comedy,0.0,0.0,0.0
genre_Children's Music,Comedy,0.0,0.0,0.0
genre_Classical,Comedy,0.0,0.0,0.0
genre_Comedy,Comedy,0.0,0.0,0.0
genre_Country,Comedy,0.0,0.0,0.0
genre_Dance,Comedy,0.0,0.0,0.0
genre_Electronic,Comedy,0.0,0.0,0.0
genre_Folk,Comedy,0.0,0.0,0.0
genre_Hip-Hop,Comedy,0.0,0.0,0.0
genre_Indie,Comedy,0.0,0.0,0.0
genre_Jazz,Comedy,0.0,0.0,0.0
genre_Movie,Comedy,0.0,0.0,0.0
genre_Opera,Comedy,0.0,0.0,0.0
genre_Pop,Comedy,0.0,0.0,0.0
genre_R&B,Comedy,0.0,0.0,0.0
genre_Rap,Comedy,0.0,0.0,0.0
genre_Reggae,Comedy,0.0,0.0,0.0
genre_Rock,Comedy,0.0,0.0,0.0
genre_Ska,Comedy,0.0,0.0,0.0
genre_Soul,Comedy,0.0,0.0,0.0
genre_Soundtrack,Comedy,0.0,0.0,0.0
genre_World,Comedy,0.0,0.0,0.0
key_A,Comedy,0.0,0.00855150732888907,0.005701004885926047
key_A#,Comedy,0.0,0.010559822173998127,0.007039881449332084
key_B,Comedy,0.0,0.008248289183805149,0.0054988594558700995
key_C,Comedy,0.0,0.009216305514830821,0.006144203676553881
key_C#,Comedy,0.0,0.01247785224640235,0.008318568164268233
key_D,Comedy,0.0,0.00740422477626855,0.0049361498508457
key_D#,Comedy,0.0,0.008373664516467089,0.005582443010978059
key_E,Comedy,0.0,0.009221602267463259,0.0061477348449755055
key_F,Comedy,0.0,0.008571789893801345,0.005714526595867564
key_F#,Comedy,0.0,0.010623971203622852,0.007082647469081902
key_G,Comedy,0.0,0.006890454940230863,0.004593636626820575
key_G#,Comedy,0.0,0.009281708131122845,0.006187805420748563
mode_Major,Comedy,0.0,0.007463267799942848,0.004975511866628565
mode_Minor,Comedy,0.0,0.007436724358618796,0.004957816239079197
time_signature_0/4,Comedy,0.0,0.0003089668747867276,0.00020597791652448506
time_signature_1/4,Comedy,0.0,0.0061137510447012685,0.004075834029800845
time_signature_3/4,Comedy,0.0,0.010248466855373825,0.006832311236915883
time_signature_4/4,Comedy,0.0,0.00873237318896569,0.005821582125977127
time_signature_5/4,Comedy,0.0,0.0071445853972735285,0.004763056931515686
artist_name,Soul,0.0,1.0,0.6666666666666666
track_name,Soul,0.0,0.8472836951180794,0.5648557967453863
track_id,Soul,0.0,0.8186871517778267,0.5457914345185512
acousticness,Soul,0.0,0.806786199150253,0.5378574661001686
danceability,Soul,0.0,0.8527786042684371,0.5685190695122914
duration_ms,Soul,0.0,0.9490133014027875,0.632675534268525
energy,Soul,0.0,0.7601330853504197,0.5067553902336132
instrumentalness,Soul,0.0,0.5937923245790522,0.3958615497193681
liveness,Soul,-0.9999999999999999,0.9027306747869361,0.9351537831912907
loudness,Soul,0.0,0.8835590133264785,0.5890393422176523
speechiness,Soul,0.0,0.799456055558597,0.5329707037057313
tempo,Soul,0.0,0.8519227350708107,0.5679484900472072
valence,Soul,0.0,0.8420304075360311,0.5613536050240208
genre_A Capella,Soul,0.0,0.0,0.0
genre_Alternative,Soul,0.0,0.0,0.0
genre_Anime,Soul,0.0,0.0,0.0
genre_Blues,Soul,0.0,0.0,0.0
genre_Children's Music,Soul,0.0,0.0,0.0
genre_Classical,Soul,0.0,0.0,0.0
genre_Comedy,Soul,0.0,0.0,0.0
genre_Country,Soul,0.0,0.0,0.0
genre_Dance,Soul,0.0,0.0,0.0
genre_Electronic,Soul,0.0,0.0,0.0
genre_Folk,Soul,0.0,0.0,0.0
genre_Hip-Hop,Soul,0.0,0.0,0.0
genre_Indie,Soul,0.0,0.0,0.0
genre_Jazz,Soul,0.0,0.0,0.0
genre_Movie,Soul,0.0,0.0,0.0
genre_Opera,Soul,0.0,0.0,0.0
genre_Pop,Soul,0.0,0.0,0.0
genre_R&B,Soul,0.0,0.0,0.0
genre_Rap,Soul,0.0,0.0,0.0
genre_Reggae,Soul,0.0,0.0,0.0
genre_Rock,Soul,0.0,0.0,0.0
genre_Ska,Soul,0.0,0.0,0.0
genre_Soul,Soul,0.0,0.0,0.0
genre_Soundtrack,Soul,0.0,0.0,0.0
genre_World,Soul,0.0,0.0,0.0
key_A,Soul,0.0,0.05481410600119987,0.03654273733413325
key_A#,Soul,0.0,0.05140211773730282,0.034268078491535216
key_B,Soul,0.0,0.05502325003344229,0.03668216668896153
key_C,Soul,0.0,0.07412555512606706,0.04941703675071137
key_C#,Soul,0.0,0.06102841799754127,0.04068561199836085
key_D,Soul,0.0,0.05920269023367082,0.039468460155780545
key_D#,Soul,0.0,0.03200501338239017,0.02133667558826011
key_E,Soul,0.0,0.05085635110045422,0.033904234066969484
key_F,Soul,0.0,0.057597308049307266,0.03839820536620484
key_F#,Soul,0.0,0.04634598602471734,0.030897324016478225
key_G,Soul,0.0,0.0662982845066759,0.04419885633778393
key_G#,Soul,0.0,0.05435149951667398,0.036234333011115984
mode_Major,Soul,0.0,0.05075379321339605,0.033835862142264035
mode_Minor,Soul,0.0,0.05625477807164043,0.037503185381093616
time_signature_0/4,Soul,0.0,0.0,0.0
time_signature_1/4,Soul,0.0,0.018103919270958987,0.012069279513972658
time_signature_3/4,Soul,0.0,0.02746844360488544,0.01831229573659029
time_signature_4/4,Soul,0.0,0.03413263657083243,0.02275509104722162
time_signature_5/4,Soul,0.0,0.019958613791683788,0.013305742527789191
artist_name,Soundtrack,0.0,1.0,0.6666666666666666
track_name,Soundtrack,0.0,0.6728292098401797,0.4485528065601198
track_id,Soundtrack,0.0,0.6782787578603362,0.4521858385735575
acousticness,Soundtrack,0.0,0.6754728108803587,0.4503152072535725
danceability,Soundtrack,0.0,0.6018273530278715,0.4012182353519143
duration_ms,Soundtrack,0.0,0.7314956392707926,0.48766375951386176
energy,Soundtrack,0.0,0.5677531374646646,0.3785020916431097
instrumentalness,Soundtrack,0.0,0.6005567374291862,0.4003711582861242
liveness,Soundtrack,0.0,0.6279199223438205,0.418613281562547
loudness,Soundtrack,0.0,0.5942171290763733,0.39614475271758215
speechiness,Soundtrack,0.0,0.5850374090535101,0.39002493936900673
tempo,Soundtrack,0.0,0.5714212452106447,0.3809474968070965
valence,Soundtrack,0.0,0.5866639278683597,0.39110928524557315
genre_A Capella,Soundtrack,0.0,0.0,0.0
genre_Alternative,Soundtrack,0.0,0.0,0.0
genre_Anime,Soundtrack,0.0,0.0,0.0
genre_Blues,Soundtrack,0.0,0.0,0.0
genre_Children's Music,Soundtrack,0.0,0.0,0.0
genre_Classical,Soundtrack,0.0,0.0,0.0
genre_Comedy,Soundtrack,0.0,0.0,0.0
genre_Country,Soundtrack,0.0,0.0,0.0
genre_Dance,Soundtrack,0.0,0.0,0.0
genre_Electronic,Soundtrack,0.0,0.0,0.0
genre_Folk,Soundtrack,0.0,0.0,0.0
genre_Hip-Hop,Soundtrack,0.0,0.0,0.0
genre_Indie,Soundtrack,0.0,0.0,0.0
genre_Jazz,Soundtrack,0.0,0.0,0.0
genre_Movie,Soundtrack,0.0,0.0,0.0
genre_Opera,Soundtrack,0.0,0.0,0.0
genre_Pop,Soundtrack,0.0,0.0,0.0
genre_R&B,Soundtrack,0.0,0.0,0.0
genre_Rap,Soundtrack,0.0,0.0,0.0
genre_Reggae,Soundtrack,0.0,0.0,0.0
genre_Rock,Soundtrack,0.0,0.0,0.0
genre_Ska,Soundtrack,0.0,0.0,0.0
genre_Soul,Soundtrack,0.0,0.0,0.0
genre_Soundtrack,Soundtrack,0.0,0.0,0.0
genre_World,Soundtrack,0.0,0.0,0.0
key_A,Soundtrack,0.0,0.051316729787639896,0.03421115319175993
key_A#,Soundtrack,0.0,0.04163717004728597,0.027758113364857312
key_B,Soundtrack,0.0,0.03030192588948467,0.020201283926323112
key_C,Soundtrack,0.0,0.048468376820745084,0.03231225121383006
key_C#,Soundtrack,0.0,0.030475430679836844,0.020316953786557897
key_D,Soundtrack,0.0,0.050046372846620044,0.03336424856441336
key_D#,Soundtrack,0.0,0.034379609953963386,0.022919739969308923
key_E,Soundtrack,0.0,0.04986206242332711,0.03324137494888474
key_F,Soundtrack,0.0,0.04136920841908794,0.02757947227939196
key_F#,Soundtrack,0.0,0.03472583050598121,0.023150553670654137
key_G,Soundtrack,0.0,0.05244882511977338,0.034965883413182255
key_G#,Soundtrack,0.0,0.02999251925963306,0.019995012839755372
mode_Major,Soundtrack,0.0,0.04117237491157711,0.027448249941051408
mode_Minor,Soundtrack,0.0,0.039105407412953715,0.02607027160863581
time_signature_0/4,Soundtrack,0.0,0.0,0.0
time_signature_1/4,Soundtrack,0.0,0.02428610030547669,0.01619073353698446
time_signature_3/4,Soundtrack,0.0,0.04768632414566252,0.031790882763775015
time_signature_4/4,Soundtrack,0.0,0.05474408707875872,0.03649605805250581
time_signature_5/4,Soundtrack,0.0,0.03561862677670055,0.023745751184467034
artist_name,World,0.0,1.0,0.6666666666666666
track_name,World,0.0,0.517013967493023,0.34467597832868196
track_id,World,0.0,0.463939524093912,0.309293016062608
acousticness,World,0.0,0.5255572409666449,0.3503714939777633
danceability,World,0.0,0.4637965579196995,0.3091977052797997
duration_ms,World,0.0,0.5805719207225528,0.38704794714836854
energy,World,0.0,0.4620778520589248,0.30805190137261657
instrumentalness,World,-1.0,0.49817204160216827,0.6654480277347788
liveness,World,0.0,0.43580379262263297,0.290535861748422
loudness,World,0.0,0.5003437908601793,0.33356252724011953
speechiness,World,-0.11664544803622995,0.479021079105648,0.35822920208250864
tempo,World,0.0,0.458370925929218,0.30558061728614533
valence,World,0.0,0.5179520197667368,0.34530134651115785
genre_A Capella,World,0.0,0.0,0.0
genre_Alternative,World,0.0,0.0,0.0
genre_Anime,World,0.0,0.0,0.0
genre_Blues,World,0.0,0.0,0.0
genre_Children's Music,World,0.0,0.0,0.0
genre_Classical,World,0.0,0.0,0.0
genre_Comedy,World,0.0,0.0,0.0
genre_Country,World,0.0,0.0,0.0
genre_Dance,World,0.0,0.0,0.0
genre_Electronic,World,0.0,0.0,0.0
genre_Folk,World,0.0,0.0,0.0
genre_Hip-Hop,World,0.0,0.0,0.0
genre_Indie,World,0.0,0.0,0.0
genre_Jazz,World,0.0,0.0,0.0
genre_Movie,World,0.0,0.0,0.0
genre_Opera,World,0.0,0.0,0.0
genre_Pop,World,0.0,0.0,0.0
genre_R&B,World,0.0,0.0,0.0
genre_Rap,World,0.0,0.0,0.0
genre_Reggae,World,0.0,0.0,0.0
genre_Rock,World,0.0,0.0,0.0
genre_Ska,World,0.0,0.0,0.0
genre_Soul,World,0.0,0.0,0.0
genre_Soundtrack,World,0.0,0.0,0.0
genre_World,World,0.0,0.0,0.0
key_A,World,0.0,0.042652141691999185,0.028434761127999458
key_A#,World,0.0,0.030094333507133784,0.020062889004755856
key_B,World,0.0,0.03233462053115109,0.02155641368743406
key_C,World,0.0,0.03593649472433408,0.023957663149556052
key_C#,World,0.0,0.024845206190636248,0.016563470793757498
key_D,World,0.0,0.0466092265432341,0.0310728176954894
key_D#,World,0.0,0.02644157925683396,0.017627719504555973
key_E,World,0.0,0.027361940560224774,0.018241293706816517
key_F,World,0.0,0.03239742182428534,0.021598281216190226
key_F#,World,0.0,0.0317261732132775,0.021150782142185003
key_G,World,0.0,0.03207002210169189,0.02138001473446126
key_G#,World,0.0,0.019363933248086246,0.012909288832057497
mode_Major,World,0.0,0.02492337185058962,0.016615581233726414
mode_Minor,World,0.0,0.023117809125570463,0.015411872750380308
time_signature_0/4,World,0.0,6.880604176592075e-07,4.5870694510613836e-07
time_signature_1/4,World,0.0,0.003597532247471309,0.0023983548316475396
time_signature_3/4,World,0.0,0.026626620135574847,0.01775108009038323
time_signature_4/4,World,0.0,0.029424776905770538,0.019616517937180358
time_signature_5/4,World,0.0,0.0078024906770621984,0.005201660451374799
